Horse_ID,Stride_Length (m),Gait_Pattern,Acceleration (m/s^2),Speed (km/h),Timestamp
H001,2.5618101782710436,Canter,2.4843160296466253,48.23256366758167,2025-02-07 00:00:00
H002,3.4260714596148745,Gallop,2.2028499154901917,38.85904432715498,2025-02-07 00:01:00
H003,3.0979909127171075,Canter,0.9170210287146716,34.09802710953518,2025-02-07 00:02:00
H004,2.897987726295555,Canter,2.3611904292878325,49.549192814318296,2025-02-07 00:03:00
H005,2.2340279606636546,Trot,0.7327327957709522,52.15792374396992,2025-02-07 00:04:00
H006,2.233991780504304,Trot,2.134899416982383,39.4688203129005,2025-02-07 00:05:00
H007,2.0871254182522994,Canter,1.2612465869531602,49.34497812066941,2025-02-07 00:06:00
H008,3.299264218662403,Trot,2.2559486408901392,41.8539272283451,2025-02-07 00:07:00
H009,2.9016725176148133,Gallop,2.236113380214901,51.396206498478534,2025-02-07 00:08:00
H010,3.0621088666940683,Gallop,2.111850800235242,35.97645824682159,2025-02-07 00:09:00
H011,2.030876741443704,Trot,2.0800608726141228,56.70645007908523,2025-02-07 00:10:00
H012,3.4548647782429915,Gallop,1.1093582781960816,38.622287893967396,2025-02-07 00:11:00
H013,3.2486639612006325,Trot,0.6618385661025044,41.033579632684585,2025-02-07 00:12:00
H014,2.318508666017414,Canter,1.305960357530323,31.742758562410494,2025-02-07 00:13:00
H015,2.272737450810651,Canter,0.8470490299730173,33.34536636963829,2025-02-07 00:14:00
H016,2.275106764780151,Gallop,1.8899021778049234,45.475857081369846,2025-02-07 00:15:00
H017,2.456363364439307,Trot,1.192199453075571,38.027780301839144,2025-02-07 00:16:00
H018,2.7871346474483567,Trot,2.45122040171983,55.064406772265826,2025-02-07 00:17:00
H019,2.6479175279631737,Gallop,1.781944154690664,30.440801659648614,2025-02-07 00:18:00
H020,2.436843710297063,Canter,2.144961127268722,41.372821460158086,2025-02-07 00:19:00
H021,2.917779342083569,Gallop,0.7650493454836969,40.12036640307278,2025-02-07 00:20:00
H022,2.209240790978063,Canter,2.224028964545245,30.57982892752803,2025-02-07 00:21:00
H023,2.4382169728028273,Trot,2.3455143810267884,33.73105197001531,2025-02-07 00:22:00
H024,2.5495427649405373,Canter,1.4741238376378718,42.40928024755906,2025-02-07 00:23:00
H025,2.684104976325554,Gallop,1.7125058755019549,44.7859375334234,2025-02-07 00:24:00
H026,3.1777639420895203,Trot,2.029619601805991,42.12869241764607,2025-02-07 00:25:00
H027,2.2995106732375397,Gallop,0.8496772545208251,45.928130352362814,2025-02-07 00:26:00
H028,2.7713516576204174,Gallop,1.5051321529268848,47.853950247170445,2025-02-07 00:27:00
H029,2.8886218532930634,Canter,1.2973260555446262,30.29771463383507,2025-02-07 00:28:00
H030,2.0696756190799968,Gallop,0.7927479843244982,43.92285478360512,2025-02-07 00:29:00
H031,2.9113172778521577,Canter,1.2350688445830629,58.90497722662765,2025-02-07 00:30:00
H032,2.2557861855309373,Trot,0.6363446187709871,45.57096840388646,2025-02-07 00:31:00
H033,2.0975773894779195,Canter,0.551623813898974,50.32626802376859,2025-02-07 00:32:00
H034,3.42332830588,Trot,0.7703325783096455,39.35591573750649,2025-02-07 00:33:00
H035,3.448448049611839,Canter,2.4262302231783477,53.21974134458287,2025-02-07 00:34:00
H036,3.212596022174692,Gallop,1.599059071790034,53.18764445628345,2025-02-07 00:35:00
H037,2.456920653760056,Canter,2.4316443223064397,45.63888142962417,2025-02-07 00:36:00
H038,2.1465081710095757,Canter,1.364995756660264,59.280414698376404,2025-02-07 00:37:00
H039,3.026349539768235,Trot,1.1236322661705191,33.7665064428796,2025-02-07 00:38:00
H040,2.660228740609402,Gallop,1.5122837256804882,30.50842994668743,2025-02-07 00:39:00
H041,2.183057352267168,Canter,1.3790233772658202,53.10474635271288,2025-02-07 00:40:00
H042,2.742765365166905,Gallop,0.7113293685234878,54.214666120946475,2025-02-07 00:41:00
H043,2.0515827816728276,Canter,1.7816526293804125,33.606216873617285,2025-02-07 00:42:00
H044,3.363980603118173,Canter,0.9320763650191992,37.96748498875818,2025-02-07 00:43:00
H045,2.3881699724000254,Gallop,1.7391759097956592,30.526570900998866,2025-02-07 00:44:00
H046,2.993783426530973,Canter,1.8004021847963068,38.79925832341694,2025-02-07 00:45:00
H047,2.4675666141341166,Gallop,0.8040497062572962,53.194256217560145,2025-02-07 00:46:00
H048,2.780102031766716,Canter,0.6226992542213363,45.53881583137737,2025-02-07 00:47:00
H049,2.8200654190149193,Trot,2.0615231721368796,40.44286779504864,2025-02-07 00:48:00
H050,2.2772816832882907,Gallop,1.4196008475386404,41.15217884718991,2025-02-07 00:49:00
H051,3.4543769416468377,Canter,0.6163275910109516,30.040608771464044,2025-02-07 00:50:00
H052,3.162699235041672,Canter,2.4897326343395343,38.994015826957074,2025-02-07 00:51:00
H053,3.4092484123462836,Trot,0.6155611219927333,49.393762249137914,2025-02-07 00:52:00
H054,3.3422410256414734,Gallop,1.8900704577171064,59.225833314490714,2025-02-07 00:53:00
H055,2.8968499682166278,Canter,2.4673578505268274,55.411824809516986,2025-02-07 00:54:00
H056,3.3828113525346755,Trot,0.9783602084318512,30.707848939365874,2025-02-07 00:55:00
H057,2.1327387530778794,Canter,0.7844987373743924,56.956818140245176,2025-02-07 00:56:00
H058,2.2939742936287177,Gallop,0.7427698788448578,53.49595239895878,2025-02-07 00:57:00
H059,2.067840933365807,Canter,1.106550295135191,53.411283707129414,2025-02-07 00:58:00
H060,2.4879954961448965,Canter,0.7020916220212934,43.73987277010714,2025-02-07 00:59:00
H061,2.583015934534223,Canter,1.8843226833882638,41.94015878863509,2025-02-07 01:00:00
H062,2.407023547660844,Canter,0.6245835962601254,39.08747186499578,2025-02-07 01:01:00
H063,3.243106263727894,Trot,1.5188442562995794,31.970845768630973,2025-02-07 01:02:00
H064,2.535129990040384,Trot,2.4933937077059536,36.847060904810974,2025-02-07 01:03:00
H065,2.4214017645310713,Gallop,2.1279405390120374,37.39810904934074,2025-02-07 01:04:00
H066,2.8140441247373724,Trot,1.7304388764620218,44.52231209130605,2025-02-07 01:05:00
H067,2.211386337462144,Trot,1.1125072415732233,52.42333219790082,2025-02-07 01:06:00
H068,3.2032954711310593,Gallop,1.747791672583277,44.2142948519384,2025-02-07 01:07:00
H069,2.1118259655196563,Trot,1.5540829278233033,31.73533348341482,2025-02-07 01:08:00
H070,3.480330404900776,Trot,1.352166767780743,58.73369402964612,2025-02-07 01:09:00
H071,3.1583671539449862,Gallop,0.761420753480399,58.281729572823366,2025-02-07 01:10:00
H072,2.2980735223012587,Gallop,2.2732084304809335,53.55568629445225,2025-02-07 01:11:00
H073,2.0082831756854036,Gallop,1.399569297642645,59.73983704692662,2025-02-07 01:12:00
H074,3.223192142682251,Canter,0.8892450236415301,46.33446998400789,2025-02-07 01:13:00
H075,3.0602860157714256,Canter,1.2355187017545792,58.88305050759618,2025-02-07 01:14:00
H076,3.093510752061481,Gallop,1.328259505057854,32.268151218502524,2025-02-07 01:15:00
H077,3.1569055200289187,Gallop,2.155075791133749,40.97042244784114,2025-02-07 01:16:00
H078,2.1110669776011357,Gallop,1.967228761122804,36.761438040202975,2025-02-07 01:17:00
H079,2.537698592816409,Canter,2.0386097872826796,35.8749925240281,2025-02-07 01:18:00
H080,2.1738035892876946,Canter,0.5220625288572944,34.22408846678028,2025-02-07 01:19:00
H081,3.2946551388133902,Trot,1.332307996359523,48.672409246979896,2025-02-07 01:20:00
H082,2.9349471902413367,Trot,1.4626883032706472,53.43965567241915,2025-02-07 01:21:00
H083,2.496347037278974,Gallop,0.5383845536461134,47.34895198261082,2025-02-07 01:22:00
H084,2.0953375254290356,Canter,1.0196264174900684,34.40888128764629,2025-02-07 01:23:00
H085,2.4664734825734933,Canter,2.0205796462442702,54.333713098004125,2025-02-07 01:24:00
H086,2.4877749830401203,Canter,0.7742194114579981,49.078641214911855,2025-02-07 01:25:00
H087,3.094409267507096,Gallop,1.5706202629051833,41.644971183809865,2025-02-07 01:26:00
H088,2.9563362070328196,Trot,0.930403744034475,50.223908866081885,2025-02-07 01:27:00
H089,3.33081911386449,Gallop,0.5242415492877865,37.79714937728499,2025-02-07 01:28:00
H090,2.708322387742924,Trot,0.982402915199083,40.355766254826314,2025-02-07 01:29:00
H091,2.1793913689074524,Trot,2.4517475098201076,57.52457529395971,2025-02-07 01:30:00
H092,3.0698671808344926,Gallop,2.1030742237659794,38.71513517014261,2025-02-07 01:31:00
H093,3.141177572925346,Trot,2.419153288642067,44.099648044738096,2025-02-07 01:32:00
H094,2.841915796354244,Trot,1.475708087852725,56.70423412188044,2025-02-07 01:33:00
H095,3.1564507699318414,Canter,0.719472397355007,51.23164050802582,2025-02-07 01:34:00
H096,2.740693394546586,Trot,1.595918977947386,31.86609678494108,2025-02-07 01:35:00
H097,2.784099244072991,Gallop,1.4087546691199218,34.41909132836911,2025-02-07 01:36:00
H098,2.6413115275378245,Gallop,2.188714165479232,30.235247723157503,2025-02-07 01:37:00
H099,2.038128690116143,Trot,0.6961651615684892,48.92765370687491,2025-02-07 01:38:00
H100,2.161837140489957,Canter,1.4764822740435564,43.43020276231255,2025-02-07 01:39:00
H101,2.0471437785301014,Canter,0.8000973293879685,34.028245527068265,2025-02-07 01:40:00
H102,2.9546156168956705,Trot,1.14935185378012,58.738023631703115,2025-02-07 01:41:00
H103,2.47153397161449,Trot,1.9747141547755993,45.8897917183686,2025-02-07 01:42:00
H104,2.762856036747054,Gallop,1.452036258737533,37.256798823386674,2025-02-07 01:43:00
H105,3.3613497108891393,Trot,1.2517765702915387,45.01810713464123,2025-02-07 01:44:00
H106,2.3739383437233124,Canter,1.2889525571400706,50.38860998205323,2025-02-07 01:45:00
H107,2.6155743845534447,Trot,1.4188935368119733,32.28717653920693,2025-02-07 01:46:00
H108,3.133326707814573,Gallop,2.0700330876741138,38.24111445143676,2025-02-07 01:47:00
H109,2.3431972482374337,Gallop,2.2841693778804686,54.20896472651981,2025-02-07 01:48:00
H110,2.1154698647431895,Gallop,2.4106693730078566,43.78994611207984,2025-02-07 01:49:00
H111,2.434627179370652,Gallop,2.07380677251059,46.39731426096885,2025-02-07 01:50:00
H112,2.2418319308810064,Gallop,1.1308137914960255,42.98448006628408,2025-02-07 01:51:00
H113,3.3945464785138597,Trot,1.8762694121730843,31.316998279290154,2025-02-07 01:52:00
H114,3.2121805693466254,Trot,1.3752062481107838,34.972493394604676,2025-02-07 01:53:00
H115,2.9501056347656354,Trot,1.0093412440921024,43.36624916225673,2025-02-07 01:54:00
H116,3.3071908852815763,Trot,2.1817431588518454,36.27556396223783,2025-02-07 01:55:00
H117,3.205508115348672,Gallop,0.57685269792465,31.49937085979036,2025-02-07 01:56:00
H118,2.279855088329054,Canter,2.3035239842708473,55.309489921554714,2025-02-07 01:57:00
H119,3.3388384977349665,Trot,1.4229549292494683,59.43577587492348,2025-02-07 01:58:00
H120,2.8090133628734764,Canter,1.7744029536165609,53.79428621990218,2025-02-07 01:59:00
H121,3.211160232746094,Trot,1.8187078444115654,55.61354765114001,2025-02-07 02:00:00
H122,3.3441369498852396,Trot,2.290235481413073,37.25931390951136,2025-02-07 02:01:00
H123,2.477005212457796,Canter,1.7733393643344146,58.81880926539599,2025-02-07 02:02:00
H124,2.165077886791515,Gallop,1.7278671695201235,35.90777113360285,2025-02-07 02:03:00
H125,2.3419027438129127,Trot,0.6333040811213799,58.54289431085497,2025-02-07 02:04:00
H126,2.6406616829393847,Trot,1.5368160438904082,59.84457881897853,2025-02-07 02:05:00
H127,3.22702214888374,Trot,0.8003380016340833,51.35168417238146,2025-02-07 02:06:00
H128,3.2910958748845154,Canter,1.9748675374429712,59.43431195375466,2025-02-07 02:07:00
H129,2.010428195796786,Gallop,1.524443841625349,47.08619338701311,2025-02-07 02:08:00
H130,2.7661209538663485,Canter,1.8604555584167066,37.78625349528271,2025-02-07 02:09:00
H131,2.6261165047231687,Canter,0.5833458012047685,43.10987656996863,2025-02-07 02:10:00
H132,2.3331617157060953,Gallop,0.6695840320916064,47.806828061363575,2025-02-07 02:11:00
H133,2.179798051000524,Canter,1.9326467761253645,32.19244686081045,2025-02-07 02:12:00
H134,2.506422757105442,Gallop,0.6441686719973467,48.67029793851738,2025-02-07 02:13:00
H135,3.4143645558687785,Trot,0.6425134555305172,59.435335102868834,2025-02-07 02:14:00
H136,2.484804398031133,Gallop,0.5242169504697749,35.70322949351183,2025-02-07 02:15:00
H137,2.778185932615049,Trot,2.41300279659896,53.7778534886515,2025-02-07 02:16:00
H138,3.054528438342767,Canter,1.975016718918014,57.236963813388584,2025-02-07 02:17:00
H139,2.5454444035689407,Canter,1.2065028170041283,58.31104778460663,2025-02-07 02:18:00
H140,3.457673124081441,Trot,1.0930711625753105,58.804068132163415,2025-02-07 02:19:00
H141,3.443670942413167,Canter,1.199406459491699,45.64378916164416,2025-02-07 02:20:00
H142,2.377673443738046,Gallop,2.049307062362364,59.31923723974511,2025-02-07 02:21:00
H143,2.745872758838578,Trot,1.8227412221408288,52.71930621403317,2025-02-07 02:22:00
H144,2.4513174647251543,Canter,0.8703911357349359,34.850143087108854,2025-02-07 02:23:00
H145,2.4272607415662013,Trot,0.8482186706681687,44.3070031940391,2025-02-07 02:24:00
H146,2.0553304210317993,Gallop,0.6967912994267946,51.549935261160115,2025-02-07 02:25:00
H147,2.9143465009698453,Gallop,1.8206054394026763,37.4202094745725,2025-02-07 02:26:00
H148,2.754018534843292,Canter,2.028745324443472,49.218455506466626,2025-02-07 02:27:00
H149,2.077218126874984,Gallop,1.030092856650008,49.998014371398575,2025-02-07 02:28:00
H150,2.417969696354917,Trot,0.5418899220618256,34.88099231425698,2025-02-07 02:29:00
H151,3.3623988289499804,Gallop,0.6643433349528547,46.95255937358269,2025-02-07 02:30:00
H152,2.3593428360004585,Trot,2.4357200696900607,53.148807329358235,2025-02-07 02:31:00
H153,2.2173423081368346,Trot,1.0908895549548405,44.966869936078254,2025-02-07 02:32:00
H154,2.7341791404163445,Gallop,2.038446295676267,30.363093503283224,2025-02-07 02:33:00
H155,3.478475681165901,Canter,1.7493271377085275,30.271154072378764,2025-02-07 02:34:00
H156,2.3630829072672506,Gallop,1.2638792793057918,40.71088031910037,2025-02-07 02:35:00
H157,3.0082033211088177,Trot,0.9113745243911102,57.78582205295346,2025-02-07 02:36:00
H158,3.1424294229930765,Trot,0.7427728363188129,36.860303388108264,2025-02-07 02:37:00
H159,2.3564563159885994,Gallop,1.7300259360777333,49.03091066615062,2025-02-07 02:38:00
H160,3.0923245229177896,Canter,2.0492675612755757,36.66227612079962,2025-02-07 02:39:00
H161,2.55167469907888,Canter,1.7878085070822614,39.65009968978646,2025-02-07 02:40:00
H162,2.9484587458903695,Trot,1.5606042664983166,55.44126268804452,2025-02-07 02:41:00
H163,2.9502945661413422,Trot,0.5839024468632725,51.8658432680984,2025-02-07 02:42:00
H164,2.8036620261121374,Canter,2.4369775551887676,32.86197831939632,2025-02-07 02:43:00
H165,2.1354346550816126,Gallop,2.097428383309149,42.86106062959301,2025-02-07 02:44:00
H166,3.252953743383857,Trot,1.0856440734019295,30.875092909357935,2025-02-07 02:45:00
H167,2.481170097457604,Trot,2.4599406587177013,44.426704398090266,2025-02-07 02:46:00
H168,2.2797777655997815,Canter,1.7037631792726442,49.87302035103204,2025-02-07 02:47:00
H169,2.0611627123321457,Gallop,1.664845316414493,33.555078707944546,2025-02-07 02:48:00
H170,2.8863394147823627,Canter,1.9961463588590642,38.66654816727497,2025-02-07 02:49:00
H171,3.0163465427634235,Gallop,2.123539576180275,41.93509876506471,2025-02-07 02:50:00
H172,2.0248817433917843,Gallop,1.8129572146630053,57.585930739681494,2025-02-07 02:51:00
H173,2.768139587448921,Gallop,0.7561914927324,59.79765046268892,2025-02-07 02:52:00
H174,2.339743662796907,Trot,1.1765350119889968,31.347338969868474,2025-02-07 02:53:00
H175,2.9677591856141747,Canter,2.3561672806520995,52.83023770486176,2025-02-07 02:54:00
H176,2.2615496435074873,Canter,0.9492312236877039,41.15172199207029,2025-02-07 02:55:00
H177,3.036406607153699,Gallop,1.2443340476750266,41.7737455868844,2025-02-07 02:56:00
H178,2.580103019450806,Trot,1.364153765888392,52.62794920041068,2025-02-07 02:57:00
H179,3.405094983105102,Trot,1.3788099793889044,57.552792964362254,2025-02-07 02:58:00
H180,2.2062814162189897,Canter,1.725879164989051,58.52785783507645,2025-02-07 02:59:00
H181,2.5115995265753877,Trot,2.3861516754894154,47.31367758114962,2025-02-07 03:00:00
H182,2.1702102818608835,Trot,0.9813854236650099,40.71363477901508,2025-02-07 03:01:00
H183,3.387040427417844,Gallop,0.7430027526018361,53.62647257576337,2025-02-07 03:02:00
H184,3.3160090300714717,Trot,0.8949409797198746,37.53004149786901,2025-02-07 03:03:00
H185,2.3869124415727336,Gallop,2.273849800418539,46.92222086500553,2025-02-07 03:04:00
H186,2.9899760690512687,Canter,1.791621625310412,40.757353845746195,2025-02-07 03:05:00
H187,3.225833300301824,Trot,1.0718135784783203,49.69893221123628,2025-02-07 03:06:00
H188,2.8328012173991937,Canter,2.1318938779372347,37.211967386805206,2025-02-07 03:07:00
H189,2.79447586753401,Canter,2.222739992726872,35.747788372044774,2025-02-07 03:08:00
H190,2.3627784363506774,Trot,2.193028677380556,57.54717260026311,2025-02-07 03:09:00
H191,2.1396541517088488,Trot,2.337853067279109,33.05411048848611,2025-02-07 03:10:00
H192,3.34582363692999,Canter,1.0044820403467232,45.17873723204795,2025-02-07 03:11:00
H193,3.350627085744996,Trot,2.010083857492557,36.62558348889027,2025-02-07 03:12:00
H194,2.949652185909902,Gallop,1.42107899454828,31.167898899770023,2025-02-07 03:13:00
H195,2.508544686573051,Gallop,2.183997105780123,31.080564548742792,2025-02-07 03:14:00
H196,2.5238143619189914,Trot,1.9569813543232264,35.25665316317482,2025-02-07 03:15:00
H197,3.088933518305359,Canter,2.0528948929994493,56.00311063518001,2025-02-07 03:16:00
H198,3.3456653899288655,Trot,1.812323675362143,38.4743623193108,2025-02-07 03:17:00
H199,3.330629636397676,Trot,0.8548575389394137,58.513775117258874,2025-02-07 03:18:00
H200,3.169813318786436,Canter,1.5900538377938767,47.44866878967581,2025-02-07 03:19:00
H201,2.963047469231432,Canter,2.469339479049016,43.09842569306298,2025-02-07 03:20:00
H202,2.126209947492573,Gallop,2.3747761329942376,47.40266504008363,2025-02-07 03:21:00
H203,2.2424430711419205,Canter,0.5863474715940233,45.50095155678803,2025-02-07 03:22:00
H204,3.3478312827906187,Gallop,0.8296296314588743,52.76328761271975,2025-02-07 03:23:00
H205,2.909643589489385,Canter,0.7634575469091238,38.47488197918557,2025-02-07 03:24:00
H206,2.0137955774249443,Trot,1.951959819970591,40.59151174800907,2025-02-07 03:25:00
H207,2.1522073142990483,Gallop,2.13557065971389,56.82282907599752,2025-02-07 03:26:00
H208,2.995252653662084,Gallop,0.9270227326213438,58.393695394512164,2025-02-07 03:27:00
H209,2.007592375769328,Gallop,1.511705385903658,56.776746824594234,2025-02-07 03:28:00
H210,2.241212077126248,Trot,2.1814060560224,42.583439818719405,2025-02-07 03:29:00
H211,2.823100684049879,Trot,1.9656030895325012,53.410965090206446,2025-02-07 03:30:00
H212,3.03784279653904,Trot,1.5844744109836966,44.29007199903296,2025-02-07 03:31:00
H213,2.9779418892539007,Trot,1.6806953809175458,44.926195564383065,2025-02-07 03:32:00
H214,2.33640396419084,Trot,1.51672109383256,36.14040327171852,2025-02-07 03:33:00
H215,3.068268832021304,Gallop,1.0950969026376411,47.73390909775549,2025-02-07 03:34:00
H216,2.3558736312452,Trot,1.6300439857180322,35.58407693260044,2025-02-07 03:35:00
H217,2.4880995472389014,Gallop,1.8777706041001814,39.94694097201581,2025-02-07 03:36:00
H218,3.119737107677036,Trot,2.246645831721615,55.65090604859805,2025-02-07 03:37:00
H219,2.974449348570822,Canter,1.7725827079584962,36.21227427632566,2025-02-07 03:38:00
H220,3.273835115741267,Gallop,2.022243074086316,32.13474855520298,2025-02-07 03:39:00
H221,2.9864193384505153,Canter,0.820143269909146,32.07022777838449,2025-02-07 03:40:00
H222,2.8524629050032075,Gallop,1.4231149488395798,58.22353561509324,2025-02-07 03:41:00
H223,2.1405121517421386,Canter,0.5186632396541866,45.20761313885504,2025-02-07 03:42:00
H224,2.55157370458915,Trot,0.993357729043246,42.28236215451055,2025-02-07 03:43:00
H225,2.397803551522588,Trot,1.9529234302260097,54.32635743023755,2025-02-07 03:44:00
H226,2.3659844650686255,Trot,2.483619902698727,55.07477783731548,2025-02-07 03:45:00
H227,3.4595158321286683,Gallop,0.6983561991744318,39.96573099346814,2025-02-07 03:46:00
H228,2.5896465870001406,Canter,1.3029886317225765,50.80854172421385,2025-02-07 03:47:00
H229,3.3380698327656697,Trot,2.100141937398319,53.1336844755566,2025-02-07 03:48:00
H230,2.9467079389958943,Canter,0.9080712692577977,49.63952060597863,2025-02-07 03:49:00
H231,3.192216955312473,Canter,1.6101698986045725,34.54785224400298,2025-02-07 03:50:00
H232,2.7539556396577884,Trot,1.9661425920593496,56.27649250551171,2025-02-07 03:51:00
H233,2.8653558269395387,Trot,1.731970900520358,46.172836582080265,2025-02-07 03:52:00
H234,2.7387765407282956,Canter,0.8760494692308323,38.47417279110011,2025-02-07 03:53:00
H235,2.292864481697067,Trot,1.2107691373714788,42.75684556313082,2025-02-07 03:54:00
H236,3.0836781728922578,Trot,2.0675835689707944,31.12713271196722,2025-02-07 03:55:00
H237,2.4211585436612837,Trot,1.6084530282640332,33.83600403667253,2025-02-07 03:56:00
H238,2.036473949647181,Gallop,0.5104592270858255,52.96640251547582,2025-02-07 03:57:00
H239,2.9682084438607514,Canter,2.0219815200561877,30.000349042660986,2025-02-07 03:58:00
H240,2.2656660191105735,Canter,0.5706227098804781,42.49697485446877,2025-02-07 03:59:00
H241,3.4106878765293716,Gallop,1.9914675654624643,45.675305432567654,2025-02-07 04:00:00
H242,3.430892865503881,Canter,0.9049611203304748,31.639032600029168,2025-02-07 04:01:00
H243,3.372296585330673,Trot,2.4161469602387604,59.19234488916999,2025-02-07 04:02:00
H244,2.5552380503831666,Canter,1.235881502604169,36.78375993749016,2025-02-07 04:03:00
H245,2.023184924793301,Trot,1.1538632326761582,39.125961589088426,2025-02-07 04:04:00
H246,3.392477843881588,Gallop,0.7977761006648894,39.118275367650824,2025-02-07 04:05:00
H247,2.6422762224759717,Trot,1.1112084309804298,36.912499863520495,2025-02-07 04:06:00
H248,3.4499822285655046,Canter,2.2533015236564014,30.044214662589344,2025-02-07 04:07:00
H249,3.4454299656338794,Canter,2.4926686752544946,51.88034382263989,2025-02-07 04:08:00
H250,3.27951418320104,Canter,1.2366190610136967,59.00536499397856,2025-02-07 04:09:00
H251,2.4416733381043785,Gallop,1.3972212619090851,36.728804498551355,2025-02-07 04:10:00
H252,2.577646592902888,Gallop,1.944141876405474,49.891415754102674,2025-02-07 04:11:00
H253,3.2767050072752855,Canter,2.2723915609301493,52.25688980876146,2025-02-07 04:12:00
H254,2.4753830077344166,Trot,1.6860886683735683,55.45276137271574,2025-02-07 04:13:00
H255,2.2542391200291387,Gallop,1.2830513963556587,42.67887591040827,2025-02-07 04:14:00
H256,2.8352018936875254,Canter,1.3252436816972475,39.087927169212875,2025-02-07 04:15:00
H257,3.4042321612411715,Canter,1.8912362929936137,39.75885402069093,2025-02-07 04:16:00
H258,3.0440446950124596,Gallop,0.5064365272085574,51.378639992955385,2025-02-07 04:17:00
H259,2.8550917551340476,Gallop,1.7391786749196814,54.50338399516908,2025-02-07 04:18:00
H260,2.1457647406561526,Gallop,1.2109860208827148,35.448419032698084,2025-02-07 04:19:00
H261,2.9225108400487545,Trot,2.0883946625541685,41.128230244732954,2025-02-07 04:20:00
H262,3.485080775156395,Trot,0.6859812796462643,57.0582059024745,2025-02-07 04:21:00
H263,2.210126022854786,Canter,1.676404533896781,54.20080559084218,2025-02-07 04:22:00
H264,2.777494478545605,Gallop,1.4619457797722475,59.54575208287427,2025-02-07 04:23:00
H265,3.3160596078919333,Trot,1.7846510518104548,52.627447790462426,2025-02-07 04:24:00
H266,3.1111529266313065,Gallop,0.6297071889659367,41.79585603083767,2025-02-07 04:25:00
H267,3.045523611492902,Canter,1.6599675748562626,47.71913501983913,2025-02-07 04:26:00
H268,3.053726125980664,Trot,1.6229691759190474,49.83042762741961,2025-02-07 04:27:00
H269,2.5392367268296328,Trot,1.6213201888323419,32.35367448951372,2025-02-07 04:28:00
H270,2.44038776639674,Trot,1.7069753331929096,46.334908773115956,2025-02-07 04:29:00
H271,3.2140417332177704,Canter,1.8529358744527245,51.27962485417829,2025-02-07 04:30:00
H272,3.215170092018771,Gallop,2.1099779993615395,35.01963912003181,2025-02-07 04:31:00
H273,3.3006084778701554,Trot,1.0396414402564287,53.41895152276672,2025-02-07 04:32:00
H274,3.3698608288347067,Canter,2.150098820360124,47.51318341542335,2025-02-07 04:33:00
H275,2.7670135982914066,Gallop,1.4965113645269073,58.56665357092784,2025-02-07 04:34:00
H276,2.7522744420307994,Canter,0.6541165582686623,31.27266894620675,2025-02-07 04:35:00
H277,3.1974427684501627,Gallop,0.6171018584879584,37.95978412666401,2025-02-07 04:36:00
H278,2.9749458961666475,Canter,1.1684766373921216,48.04661637899472,2025-02-07 04:37:00
H279,3.052950315886555,Gallop,2.069793954222935,38.89679736617792,2025-02-07 04:38:00
H280,3.1936890041541517,Trot,1.9153618694818315,51.43272492213727,2025-02-07 04:39:00
H281,3.3350080127263495,Gallop,2.0772299293448127,52.77015847565793,2025-02-07 04:40:00
H282,2.506992735277304,Canter,1.5345381128832187,33.07547892199423,2025-02-07 04:41:00
H283,2.563374428959916,Canter,1.3803979959109811,45.41563392620303,2025-02-07 04:42:00
H284,2.1409729097613033,Gallop,0.7949050534125679,45.26671666773168,2025-02-07 04:43:00
H285,2.867420211494261,Trot,1.156385507218623,41.07842310646623,2025-02-07 04:44:00
H286,2.053913410695113,Trot,1.3680387323477505,57.98774587709016,2025-02-07 04:45:00
H287,2.6983970271986903,Gallop,0.6772008593592345,54.82518959619664,2025-02-07 04:46:00
H288,2.813966952061365,Gallop,0.9412239054224225,50.9162814572891,2025-02-07 04:47:00
H289,2.4298118781924267,Canter,1.6964505881274776,51.42979907204993,2025-02-07 04:48:00
H290,2.886249890853516,Trot,1.9713262284783797,43.85148431439357,2025-02-07 04:49:00
H291,2.0457503749085744,Gallop,2.4966950227858993,57.629835632897276,2025-02-07 04:50:00
H292,2.0560222831238217,Trot,2.366226662687115,50.83786281759856,2025-02-07 04:51:00
H293,3.233900840989487,Gallop,1.785130399070383,51.8694318496745,2025-02-07 04:52:00
H294,2.5402859621168945,Gallop,1.342496106588144,55.85072711362036,2025-02-07 04:53:00
H295,2.190590768977827,Trot,1.7723547294164654,38.22214768026573,2025-02-07 04:54:00
H296,2.7833648900822068,Gallop,2.071303236160464,54.212127116001085,2025-02-07 04:55:00
H297,3.1549903296479163,Gallop,0.7366723818467746,35.857218088694765,2025-02-07 04:56:00
H298,2.3237315412452646,Canter,1.3198097793925765,40.360258567346634,2025-02-07 04:57:00
H299,2.9343357137285,Gallop,2.179604571271234,40.06831362809528,2025-02-07 04:58:00
H300,2.1280211974906518,Gallop,1.267665903866088,59.355764051674214,2025-02-07 04:59:00
H301,2.0775225817529117,Gallop,1.643744542454373,55.69611671243781,2025-02-07 05:00:00
H302,2.797031947352222,Canter,1.6755387217243964,51.035095847707794,2025-02-07 05:01:00
H303,2.81095268241516,Trot,0.8689525062672787,51.81170284846171,2025-02-07 05:02:00
H304,2.9561448522473097,Canter,1.2244708833045768,46.862183832077136,2025-02-07 05:03:00
H305,3.0891370005839924,Canter,1.1690225774838643,58.41272001325557,2025-02-07 05:04:00
H306,3.463778119193802,Trot,0.5523934170641296,44.88776258647084,2025-02-07 05:05:00
H307,2.774450522451793,Canter,0.5483835277827105,41.41553129609684,2025-02-07 05:06:00
H308,2.484434709411869,Trot,2.1633940873515467,34.89106010794773,2025-02-07 05:07:00
H309,3.1927792921530553,Canter,1.0461416199456248,53.58616956783174,2025-02-07 05:08:00
H310,2.406248376893111,Trot,1.5361575324776309,52.033317962267745,2025-02-07 05:09:00
H311,2.658457131058454,Gallop,1.097451147177546,41.530651155724044,2025-02-07 05:10:00
H312,2.117684572013399,Canter,2.381358490230681,30.75580241877688,2025-02-07 05:11:00
H313,2.0380261151231864,Canter,1.0185935177315475,55.16991983154033,2025-02-07 05:12:00
H314,3.4439726220168874,Canter,1.3593136254778702,30.34253950362221,2025-02-07 05:13:00
H315,3.2539701807683086,Canter,2.2454605009692035,51.11099338887153,2025-02-07 05:14:00
H316,3.043961309140547,Gallop,2.1838671335836173,59.10771329178171,2025-02-07 05:15:00
H317,2.613429416621405,Canter,0.8722028356925546,43.1298398444461,2025-02-07 05:16:00
H318,2.2599414801062685,Gallop,2.105286619591421,37.04920214987858,2025-02-07 05:17:00
H319,2.234655564006629,Gallop,1.4163737734757853,51.146130301301454,2025-02-07 05:18:00
H320,2.375364347246893,Gallop,1.4659377441707104,54.51384426046755,2025-02-07 05:19:00
H321,2.8238399970591805,Gallop,0.7669599448318876,46.39290948233542,2025-02-07 05:20:00
H322,3.071893884050094,Trot,0.6612030275142493,59.01105825768438,2025-02-07 05:21:00
H323,2.990296065076597,Trot,1.9558786139475304,31.550061649738833,2025-02-07 05:22:00
H324,2.419900845418914,Canter,1.4929223047105995,45.143867949135846,2025-02-07 05:23:00
H325,3.4322979209947913,Trot,1.373701405230359,51.5536184196765,2025-02-07 05:24:00
H326,3.106845375043653,Trot,1.9590164573047935,55.87921413447537,2025-02-07 05:25:00
H327,2.8315310787671013,Canter,2.0310257979822195,35.3776683572337,2025-02-07 05:26:00
H328,2.9175811193515284,Canter,0.8178163353387071,54.00010445291044,2025-02-07 05:27:00
H329,2.629400093641685,Canter,1.7204502989552826,46.58121227155635,2025-02-07 05:28:00
H330,2.3715964842517363,Trot,0.7707081645553711,41.8966104596989,2025-02-07 05:29:00
H331,2.5339590179768923,Trot,2.002750172058091,33.951450857372805,2025-02-07 05:30:00
H332,3.1367691656965535,Canter,1.813910312534279,55.95887276726737,2025-02-07 05:31:00
H333,2.021590232944634,Gallop,2.413229242166916,34.71819624539146,2025-02-07 05:32:00
H334,2.1741089607603743,Canter,0.6379160327128424,39.29363577627298,2025-02-07 05:33:00
H335,2.069003963032629,Gallop,0.6141094423025086,38.701365958873104,2025-02-07 05:34:00
H336,2.061093203478455,Gallop,1.0643741493864003,56.142421025725625,2025-02-07 05:35:00
H337,3.2831908760165107,Canter,1.023411367471812,50.18108982626694,2025-02-07 05:36:00
H338,3.0554867890700352,Canter,0.9939575981439996,53.90044191574117,2025-02-07 05:37:00
H339,2.7112607436309877,Canter,2.3125091610420734,37.51403696377497,2025-02-07 05:38:00
H340,2.1467512409765024,Trot,0.9990923996990122,48.746222988209965,2025-02-07 05:39:00
H341,2.7374238126752486,Gallop,1.043899452257262,47.152379494312456,2025-02-07 05:40:00
H342,2.710207656170849,Trot,2.0187965248359276,54.98491130364813,2025-02-07 05:41:00
H343,2.2598028048650227,Trot,1.39947968490108,57.18261181443782,2025-02-07 05:42:00
H344,2.6507774738569596,Canter,2.053421113910362,30.364703144321606,2025-02-07 05:43:00
H345,2.59775710159606,Trot,0.6307323151287705,50.220597571763776,2025-02-07 05:44:00
H346,2.9237751470783246,Canter,1.4751423873467686,31.55507397359187,2025-02-07 05:45:00
H347,2.9526404763014655,Gallop,0.5672272003665653,46.46575995232068,2025-02-07 05:46:00
H348,2.067956014658067,Canter,0.625306406910709,38.628981871310344,2025-02-07 05:47:00
H349,2.5619189219397067,Trot,2.3128749066888217,39.203297985664236,2025-02-07 05:48:00
H350,2.9387898735713547,Trot,0.7784907422351903,40.5887551035707,2025-02-07 05:49:00
H351,2.754704387870132,Canter,1.5648413645504342,48.63877347148831,2025-02-07 05:50:00
H352,3.2847347617824836,Canter,1.322191205201413,40.02149897006308,2025-02-07 05:51:00
H353,2.9880404474284177,Trot,1.1946866525176854,51.98097151770841,2025-02-07 05:52:00
H354,2.2444016406221445,Gallop,2.299666691374545,42.13582156721609,2025-02-07 05:53:00
H355,2.105853121100645,Gallop,0.543646793550979,32.05059600929876,2025-02-07 05:54:00
H356,2.9636289173094736,Canter,1.8275793723511782,53.512795274523214,2025-02-07 05:55:00
H357,2.039766965812433,Gallop,2.426788868427101,38.57274973778118,2025-02-07 05:56:00
H358,2.878663371910195,Trot,1.6203363669236839,42.98300638797788,2025-02-07 05:57:00
H359,3.4103453621374364,Canter,2.3736449240661837,50.563316496657045,2025-02-07 05:58:00
H360,2.8632112668138183,Trot,0.6045157585720475,39.973684714461356,2025-02-07 05:59:00
H361,2.582254889309783,Trot,1.3375866381483228,31.69756968440147,2025-02-07 06:00:00
H362,2.9649323276635298,Gallop,1.0203155819241023,41.217631410384406,2025-02-07 06:01:00
H363,2.687379335737275,Canter,1.9616419299614596,58.333457480829104,2025-02-07 06:02:00
H364,2.8184251839739023,Canter,2.4625941809944933,49.252031918956746,2025-02-07 06:03:00
H365,3.412197213164788,Gallop,1.0130601248884956,50.14437446001621,2025-02-07 06:04:00
H366,2.5791539567011617,Trot,1.808349202948149,48.9684646091292,2025-02-07 06:05:00
H367,3.4417858457358714,Trot,0.8961952655194803,35.9697641687831,2025-02-07 06:06:00
H368,3.3580259629340956,Trot,1.6306605091432198,42.5500159230684,2025-02-07 06:07:00
H369,2.293686702183945,Trot,1.4278649733766724,52.52819395089955,2025-02-07 06:08:00
H370,2.104041951312748,Canter,2.444010659263074,33.041186926594776,2025-02-07 06:09:00
H371,2.15116700206614,Canter,1.7170545453929331,38.33558328269137,2025-02-07 06:10:00
H372,2.0273327384773245,Gallop,1.1990127441736376,38.289573253975604,2025-02-07 06:11:00
H373,2.1416644411338925,Gallop,0.7281915697758667,42.96056782783518,2025-02-07 06:12:00
H374,3.024510160124535,Canter,0.8024936574698691,59.41106222826555,2025-02-07 06:13:00
H375,2.1067829726903433,Canter,0.9506338599024702,32.025076400514656,2025-02-07 06:14:00
H376,2.478463445440642,Trot,1.001933322680596,45.561029831417855,2025-02-07 06:15:00
H377,3.267312966454182,Trot,2.2012321156822754,35.38094046036631,2025-02-07 06:16:00
H378,2.034907903603739,Gallop,1.6224455765650498,59.12029636229232,2025-02-07 06:17:00
H379,3.2217027238834035,Canter,1.5467818227487329,33.399105141823924,2025-02-07 06:18:00
H380,2.4227821621601,Gallop,0.7295377437384349,42.10803007084774,2025-02-07 06:19:00
H381,2.177247241432484,Canter,2.22027938669887,52.136549545038186,2025-02-07 06:20:00
H382,3.0451057480462262,Trot,1.9456286064169674,51.13663284082336,2025-02-07 06:21:00
H383,2.943414270169826,Gallop,0.6353367238000032,42.68185910681797,2025-02-07 06:22:00
H384,3.3162080202905795,Gallop,1.9156701944595373,40.395725038581546,2025-02-07 06:23:00
H385,3.1026065657058286,Canter,1.5870764346852921,41.92837135658612,2025-02-07 06:24:00
H386,3.205221395577273,Trot,0.6634506914935565,37.92828789475918,2025-02-07 06:25:00
H387,2.42305185885696,Gallop,1.416601283057313,36.159988161204,2025-02-07 06:26:00
H388,2.2661593156695843,Trot,1.469392574260094,44.4911909267667,2025-02-07 06:27:00
H389,3.1259221274612874,Gallop,0.8315490803265515,38.05601268202822,2025-02-07 06:28:00
H390,3.210252108900896,Trot,2.3913962940005646,38.6238499469175,2025-02-07 06:29:00
H391,3.48575771300101,Canter,2.199950742961324,49.70268190423671,2025-02-07 06:30:00
H392,2.6189265153671397,Gallop,1.8380446746582166,59.05611995099677,2025-02-07 06:31:00
H393,2.558027128689175,Gallop,1.4245911220012144,48.10911601678126,2025-02-07 06:32:00
H394,3.164619441112995,Trot,1.323531083169017,32.309384011948985,2025-02-07 06:33:00
H395,2.511205310379527,Trot,1.8019469343019083,32.26750841562201,2025-02-07 06:34:00
H396,3.396135988405347,Gallop,1.590863738813811,58.54269662536698,2025-02-07 06:35:00
H397,3.2876191277645175,Canter,0.6245462117637712,38.91872370922001,2025-02-07 06:36:00
H398,2.6434910410625276,Trot,1.5250052975406634,32.76200958247426,2025-02-07 06:37:00
H399,3.1263066016872463,Trot,2.112807234465679,47.97133761451145,2025-02-07 06:38:00
H400,3.1318143111270236,Trot,1.4184797551939161,48.709463348707985,2025-02-07 06:39:00
H401,2.1546858032538987,Gallop,0.6039131551085368,49.45514460356064,2025-02-07 06:40:00
H402,3.35382936001935,Gallop,2.072556398768066,38.022060835726236,2025-02-07 06:41:00
H403,2.757878558671786,Gallop,0.9027275642719488,30.45332052643425,2025-02-07 06:42:00
H404,3.2396861991616124,Gallop,1.0172416697760776,58.95046108363415,2025-02-07 06:43:00
H405,2.4800744015459175,Canter,0.8294127068645918,37.52679137073307,2025-02-07 06:44:00
H406,3.3432848427443007,Canter,1.160430129742995,50.28078864157642,2025-02-07 06:45:00
H407,2.583802518101245,Gallop,2.01350301137727,51.19889609636129,2025-02-07 06:46:00
H408,2.0162564772204474,Canter,1.5387717190078747,48.30022251238457,2025-02-07 06:47:00
H409,3.3580729646288954,Trot,0.9097625483014251,39.387221826409444,2025-02-07 06:48:00
H410,2.1369300151792006,Trot,2.2556601563040815,38.13288761292198,2025-02-07 06:49:00
H411,2.478970456385622,Trot,2.259163709903058,47.930048481081094,2025-02-07 06:50:00
H412,3.4250929505762073,Gallop,2.241156850092014,55.98286900835075,2025-02-07 06:51:00
H413,3.425910720406334,Trot,0.9775924227630786,58.402011867701866,2025-02-07 06:52:00
H414,2.860156832184929,Canter,1.4024786883619762,33.177174132112725,2025-02-07 06:53:00
H415,2.947755818254699,Gallop,2.46997931228175,34.6448583779316,2025-02-07 06:54:00
H416,2.6726682829674795,Canter,2.0440249526199805,58.34208776349239,2025-02-07 06:55:00
H417,2.4398161575470967,Trot,0.5543348424511196,52.09605685004378,2025-02-07 06:56:00
H418,2.492996818054874,Trot,0.6304091825209841,56.489814744893195,2025-02-07 06:57:00
H419,3.0087776841155573,Trot,1.4278627536246655,36.078979024060295,2025-02-07 06:58:00
H420,3.12856179415652,Gallop,2.3184404117231203,47.627576133282055,2025-02-07 06:59:00
H421,3.187368565588773,Canter,1.5774035959054284,51.03418783252421,2025-02-07 07:00:00
H422,3.184427214191831,Gallop,1.4956250160685804,50.403356563409176,2025-02-07 07:01:00
H423,2.1368091545730357,Gallop,0.7109473999132612,42.244550726000945,2025-02-07 07:02:00
H424,2.7416304570538723,Trot,1.813560209448588,30.461846750739255,2025-02-07 07:03:00
H425,2.0863381400249663,Gallop,2.1442063212004507,47.4877817041279,2025-02-07 07:04:00
H426,2.8242933234856036,Gallop,1.2608400150151247,37.59304617538827,2025-02-07 07:05:00
H427,2.6622957520600656,Trot,2.051223701850655,43.50762738428671,2025-02-07 07:06:00
H428,3.3315562741374496,Gallop,2.428953307801623,58.72743045251452,2025-02-07 07:07:00
H429,2.526372518828118,Trot,0.9075329182553782,41.97105952927304,2025-02-07 07:08:00
H430,2.1756005246414087,Trot,1.5466592623894826,55.1940481999328,2025-02-07 07:09:00
H431,2.214487523079254,Trot,1.074275916169151,35.65621817247754,2025-02-07 07:10:00
H432,3.1422659475762083,Trot,2.0857088380676787,50.173814940750866,2025-02-07 07:11:00
H433,2.9273270949743915,Gallop,1.655186731762315,59.3102086331683,2025-02-07 07:12:00
H434,2.1516840141841853,Trot,1.7691648351006075,33.0567930261881,2025-02-07 07:13:00
H435,2.1261602091724963,Trot,2.095828319231788,30.24959826681576,2025-02-07 07:14:00
H436,3.05145369718868,Gallop,1.2919409453249098,43.00748377897843,2025-02-07 07:15:00
H437,2.10914450954629,Gallop,2.3301801368140866,32.77876449154102,2025-02-07 07:16:00
H438,3.232790088935534,Canter,1.56605773449228,52.45153049028694,2025-02-07 07:17:00
H439,3.0593633407347443,Gallop,0.815909645670696,57.436459915456766,2025-02-07 07:18:00
H440,2.1220231709628496,Gallop,1.891798236337605,43.02062918126276,2025-02-07 07:19:00
H441,2.1272565711277878,Canter,2.086522700876509,37.76134926466323,2025-02-07 07:20:00
H442,3.4799593677517633,Gallop,1.1335233541350533,43.03209957019829,2025-02-07 07:21:00
H443,2.5614061936341805,Gallop,2.2143585139975057,51.70343453550003,2025-02-07 07:22:00
H444,2.5559632206003364,Gallop,2.312286509531533,30.27162484741113,2025-02-07 07:23:00
H445,3.219199350886254,Gallop,1.0538089747556179,47.683619684540915,2025-02-07 07:24:00
H446,3.420872866075788,Canter,2.4670429454304443,48.39875054662137,2025-02-07 07:25:00
H447,3.4790015957343066,Gallop,0.7814230560975168,49.13064740687807,2025-02-07 07:26:00
H448,3.130067277888412,Gallop,0.9040313368049799,37.260662399426316,2025-02-07 07:27:00
H449,2.5643893782963736,Canter,0.8684496784760523,51.421581701343804,2025-02-07 07:28:00
H450,2.125251075048003,Trot,2.287979420015741,32.74174458995329,2025-02-07 07:29:00
H451,3.1657203738911552,Canter,1.8085851046499237,35.97811009400402,2025-02-07 07:30:00
H452,2.8376063746037077,Trot,0.8042085664445457,56.32410139963446,2025-02-07 07:31:00
H453,2.6363330138704644,Canter,1.380646836736698,52.16169452179699,2025-02-07 07:32:00
H454,3.359531577642104,Canter,1.730596050139604,30.412366620340357,2025-02-07 07:33:00
H455,2.166796223459227,Gallop,0.6669281699787666,37.451287811094005,2025-02-07 07:34:00
H456,2.738937656436289,Trot,2.2648327368146774,36.43219448979494,2025-02-07 07:35:00
H457,2.0170304671511285,Gallop,2.1072070708830704,38.12418984110918,2025-02-07 07:36:00
H458,2.7029909629911897,Trot,1.5104135471532765,37.426793108396595,2025-02-07 07:37:00
H459,2.084454913522756,Canter,2.434253230518341,31.875788872285373,2025-02-07 07:38:00
H460,2.178226874402108,Canter,1.3355219585501994,43.768215497904606,2025-02-07 07:39:00
H461,2.1762893701656574,Trot,2.468220638072996,51.98200424358495,2025-02-07 07:40:00
H462,2.9738154531740952,Gallop,1.8358399976072541,48.20195174152309,2025-02-07 07:41:00
H463,3.119067318898135,Gallop,1.769342546507883,50.18615005794239,2025-02-07 07:42:00
H464,2.8750531476457395,Gallop,0.83190979059157,32.43447535608718,2025-02-07 07:43:00
H465,3.4432588227118126,Gallop,2.263855516609288,58.54472130530362,2025-02-07 07:44:00
H466,2.562305869285556,Canter,1.3549793758412303,55.154755015290746,2025-02-07 07:45:00
H467,2.428568129422791,Canter,0.8244668115649587,54.15270955486988,2025-02-07 07:46:00
H468,3.3028986922841903,Canter,0.5252150399515181,54.68951415125302,2025-02-07 07:47:00
H469,2.335393757779179,Canter,1.6195113672767651,57.98131524398284,2025-02-07 07:48:00
H470,3.444833809160917,Canter,1.5547992442453527,46.32761898341093,2025-02-07 07:49:00
H471,2.0182317120347246,Gallop,1.9387072447383171,36.00846053602878,2025-02-07 07:50:00
H472,3.4548182400614587,Gallop,2.2805161060356043,48.503508235576234,2025-02-07 07:51:00
H473,2.064739867925864,Gallop,0.658813169286059,52.28644481003817,2025-02-07 07:52:00
H474,3.3367146705471065,Gallop,1.9629929806807247,52.13752180062076,2025-02-07 07:53:00
H475,2.7915516636294497,Canter,0.8748238881951644,45.6434707250064,2025-02-07 07:54:00
H476,3.4894471941789504,Canter,2.216354106314328,32.05376158000734,2025-02-07 07:55:00
H477,2.1106948471030984,Canter,2.1381270277233124,41.133388152903834,2025-02-07 07:56:00
H478,2.8307814266019813,Trot,1.5815875099710888,57.62299825390072,2025-02-07 07:57:00
H479,3.4539538034286483,Gallop,1.920485597246623,47.533467292722776,2025-02-07 07:58:00
H480,2.7846467662552232,Gallop,1.1287002263674968,46.149958297671404,2025-02-07 07:59:00
H481,2.944097957202894,Canter,1.4423357978656293,38.065605431465805,2025-02-07 08:00:00
H482,3.043623033476926,Gallop,2.143273795420943,41.05346759749737,2025-02-07 08:01:00
H483,2.68181159715166,Gallop,1.4185303943464278,56.86038267459508,2025-02-07 08:02:00
H484,2.941337120126095,Canter,1.2155965306508836,49.993891425805074,2025-02-07 08:03:00
H485,2.8764714678846506,Trot,1.4884248945005998,53.62161080256999,2025-02-07 08:04:00
H486,3.351737015736483,Trot,2.1564985048744365,43.63036269202965,2025-02-07 08:05:00
H487,2.068169570512187,Trot,1.1704160947417455,48.907416583684736,2025-02-07 08:06:00
H488,2.4214447843883455,Canter,0.8475231862714876,37.45150826229623,2025-02-07 08:07:00
H489,3.425617226114838,Gallop,1.9240280406615615,51.16382490850459,2025-02-07 08:08:00
H490,3.3353956758363745,Canter,2.151956425416164,42.82804001110012,2025-02-07 08:09:00
H491,2.6834851291785693,Canter,0.7012749570470667,43.27636544444237,2025-02-07 08:10:00
H492,2.930198896702305,Gallop,0.9797482255118894,49.47966973730645,2025-02-07 08:11:00
H493,2.416071774471699,Trot,0.7839439795219878,58.0884186440678,2025-02-07 08:12:00
H494,2.282181739585642,Trot,1.1958828231643333,31.920190398258626,2025-02-07 08:13:00
H495,2.6955476074099733,Canter,1.4007019578108253,54.74229712041023,2025-02-07 08:14:00
H496,2.5300283420390794,Trot,1.997652673926613,38.77149331236579,2025-02-07 08:15:00
H497,2.875484167776308,Canter,1.8022951697633482,43.31758363519133,2025-02-07 08:16:00
H498,2.1166019554474773,Canter,1.7418571349568623,30.65739986325027,2025-02-07 08:17:00
H499,3.4615922114992497,Gallop,1.2047498932193088,39.03138233502939,2025-02-07 08:18:00
H500,3.479316116719404,Gallop,2.1828951061695197,45.078937278903915,2025-02-07 08:19:00
H501,3.0472425710296176,Gallop,1.4425743347963291,31.68528232042317,2025-02-07 08:20:00
H502,2.8041445495161805,Canter,2.458209876030309,44.73287188149496,2025-02-07 08:21:00
H503,2.464291424429492,Gallop,1.7682842765914737,57.81331886575282,2025-02-07 08:22:00
H504,3.2206925295604227,Trot,0.7525294831290055,33.16179654323415,2025-02-07 08:23:00
H505,3.027096758830819,Trot,1.852355124150868,52.93322184226513,2025-02-07 08:24:00
H506,2.243925409017337,Canter,1.150208030863398,42.29013160127978,2025-02-07 08:25:00
H507,3.3663907767407637,Canter,1.8726543933721949,49.65521143573014,2025-02-07 08:26:00
H508,3.2338058643847534,Gallop,0.6392822963248115,37.80709793955688,2025-02-07 08:27:00
H509,3.424699869937886,Canter,0.8497628743519188,34.78476787624075,2025-02-07 08:28:00
H510,3.08857926258254,Canter,2.2114745178115727,34.81387842813679,2025-02-07 08:29:00
H511,2.9201227939036847,Trot,0.9543591140470298,32.114758369294336,2025-02-07 08:30:00
H512,2.6273645544359283,Trot,2.1740822504858803,35.56940114703729,2025-02-07 08:31:00
H513,3.3990927250310197,Gallop,1.0585521769088209,49.92658154966905,2025-02-07 08:32:00
H514,3.2990958342506125,Canter,1.7857638201174153,56.45071835530524,2025-02-07 08:33:00
H515,2.067828005159284,Canter,1.888301147019662,54.423770567734856,2025-02-07 08:34:00
H516,2.039550461745878,Trot,1.5253095062901059,50.55402929623452,2025-02-07 08:35:00
H517,2.5646950503170745,Canter,1.1106213533934626,33.31295590233308,2025-02-07 08:36:00
H518,3.2158299961727494,Trot,0.9252887527421922,38.67562338887849,2025-02-07 08:37:00
H519,3.4809141939724166,Gallop,0.5663787091248524,39.29420625967407,2025-02-07 08:38:00
H520,2.225625336655292,Trot,1.1078928024814476,37.49870839192864,2025-02-07 08:39:00
H521,2.891196073028203,Canter,1.806325581062566,45.45016979129169,2025-02-07 08:40:00
H522,2.571336284946532,Gallop,2.3766096368969656,46.066614446390176,2025-02-07 08:41:00
H523,3.4548715967219046,Trot,2.242408964526104,40.706579255133306,2025-02-07 08:42:00
H524,3.263178384703563,Trot,2.032129553070605,40.61367476209308,2025-02-07 08:43:00
H525,3.2574930570667067,Gallop,2.0768946865065976,54.856667937182436,2025-02-07 08:44:00
H526,2.7030397396924553,Gallop,1.8299698069519905,53.67878544959056,2025-02-07 08:45:00
H527,2.6222292535064975,Trot,1.020573715132006,39.23387495042237,2025-02-07 08:46:00
H528,2.4101106078960592,Canter,2.3143900614116597,57.41365331619778,2025-02-07 08:47:00
H529,2.0845632449763905,Trot,1.841464623811668,58.584450510075186,2025-02-07 08:48:00
H530,3.2970835643825795,Gallop,1.62088126196088,39.80227626090122,2025-02-07 08:49:00
H531,3.2193515136951163,Trot,0.7219789384269621,40.63274846379164,2025-02-07 08:50:00
H532,3.499576509929196,Gallop,1.3941110876128509,45.169024602658766,2025-02-07 08:51:00
H533,3.494955255610858,Gallop,1.4207165424038526,58.233624376010205,2025-02-07 08:52:00
H534,2.833147558403941,Canter,2.22912721904534,56.289582994269345,2025-02-07 08:53:00
H535,3.1534811227707658,Gallop,1.593296440375577,33.0770388775077,2025-02-07 08:54:00
H536,3.417148594823642,Gallop,1.2608010979408193,41.78192229814249,2025-02-07 08:55:00
H537,3.274471086016117,Canter,2.453600657021319,46.60113569249316,2025-02-07 08:56:00
H538,2.3710221526147963,Gallop,0.7214411866526313,45.0939741765462,2025-02-07 08:57:00
H539,2.67581620296514,Canter,1.3450968566238892,35.81589203810678,2025-02-07 08:58:00
H540,2.1937391227272425,Canter,0.5840493503428106,55.76450313504464,2025-02-07 08:59:00
H541,3.4310765408880837,Gallop,1.9798082415338607,50.30822348990512,2025-02-07 09:00:00
H542,2.90926195167632,Gallop,2.336153104398301,55.13725124555411,2025-02-07 09:01:00
H543,2.3429642082551942,Trot,1.0600746591009789,55.76292838048417,2025-02-07 09:02:00
H544,3.007551026608785,Canter,2.216683353598242,52.450675609972194,2025-02-07 09:03:00
H545,2.9271923606868437,Trot,1.0844364609237955,43.17631803749152,2025-02-07 09:04:00
H546,2.5372440770492606,Gallop,2.3215403232878304,48.316402650462734,2025-02-07 09:05:00
H547,2.1703363882994435,Trot,2.007923807193568,34.810962183592295,2025-02-07 09:06:00
H548,3.0073597933891993,Canter,2.1098135536828773,50.209362524247226,2025-02-07 09:07:00
H549,2.78046155135569,Trot,0.536013111200909,35.377597672178425,2025-02-07 09:08:00
H550,3.1584775876034588,Canter,2.425620714148052,50.818487715304705,2025-02-07 09:09:00
H551,2.7802452516679903,Gallop,1.9533419841406465,36.88794482261906,2025-02-07 09:10:00
H552,3.2782722504778103,Gallop,1.1095021907722666,33.5265390045066,2025-02-07 09:11:00
H553,2.8278602581617283,Canter,2.1587893297176937,34.958534704288724,2025-02-07 09:12:00
H554,2.8414069573030796,Gallop,1.06304239682986,30.059764056572106,2025-02-07 09:13:00
H555,3.3149804039875175,Gallop,2.245507679132256,51.56218853560591,2025-02-07 09:14:00
H556,2.6052242993185954,Gallop,0.725160780823874,51.97203147175137,2025-02-07 09:15:00
H557,2.201022842675961,Gallop,1.9073719549215915,45.448000497397786,2025-02-07 09:16:00
H558,2.0431740144700083,Canter,1.5813969532898207,34.84088403166151,2025-02-07 09:17:00
H559,3.1327058835104284,Trot,0.6930689403908816,32.50663012532069,2025-02-07 09:18:00
H560,2.930464327030197,Trot,0.983787656517678,30.57386899311861,2025-02-07 09:19:00
H561,3.056119652148835,Gallop,0.5248080725546296,34.97244530895662,2025-02-07 09:20:00
H562,2.319446242263366,Trot,1.4375359309290117,56.72566604949441,2025-02-07 09:21:00
H563,2.2045572133801548,Trot,1.1025305215200008,37.24610525105045,2025-02-07 09:22:00
H564,2.021816998501823,Gallop,1.6967149685955176,40.628139816516466,2025-02-07 09:23:00
H565,2.5258813382098957,Gallop,1.0944756154172344,33.16036453443999,2025-02-07 09:24:00
H566,2.8848765302819497,Trot,1.0998382230139694,36.67083914244511,2025-02-07 09:25:00
H567,2.5883660676495985,Canter,1.9863863974632068,45.576737123406154,2025-02-07 09:26:00
H568,2.6562123830355935,Gallop,0.5962856719567069,48.23258049286957,2025-02-07 09:27:00
H569,3.356238041740623,Canter,2.3057899903839747,37.36056942498633,2025-02-07 09:28:00
H570,2.5223832005349505,Trot,2.204527748782363,31.731964776753514,2025-02-07 09:29:00
H571,2.770984233739716,Gallop,1.835609366452813,41.73098607382196,2025-02-07 09:30:00
H572,3.1754795191117147,Canter,1.6864431402147686,37.02610112779003,2025-02-07 09:31:00
H573,2.5948141734819052,Gallop,2.2846049962793042,36.58661769689406,2025-02-07 09:32:00
H574,2.93313005034181,Trot,0.8706603590574289,58.795884081403656,2025-02-07 09:33:00
H575,3.2935455631201176,Canter,0.6579383243816572,48.48901457777173,2025-02-07 09:34:00
H576,3.424280935486463,Trot,0.9790203398190762,46.70635329516288,2025-02-07 09:35:00
H577,2.220610221393557,Trot,2.0891565574003805,42.473253105699655,2025-02-07 09:36:00
H578,3.3898814377422415,Gallop,0.5693405334529666,42.86833000290433,2025-02-07 09:37:00
H579,2.738174439619307,Canter,1.6656136701669793,46.22715011514242,2025-02-07 09:38:00
H580,2.3873665824484376,Trot,2.49087503238262,50.89289421108322,2025-02-07 09:39:00
H581,2.688703634357392,Trot,2.211392187675079,51.06438288545488,2025-02-07 09:40:00
H582,3.4700488629282153,Canter,1.542891378087179,35.15081723116349,2025-02-07 09:41:00
H583,2.738927140989304,Trot,0.6272818185732847,45.00338256229881,2025-02-07 09:42:00
H584,2.493127415431262,Trot,2.1627470287714194,42.35874285102306,2025-02-07 09:43:00
H585,2.9501012814750887,Canter,1.697957016354421,56.115808988081525,2025-02-07 09:44:00
H586,2.3602184281672898,Canter,0.7298659941191337,48.94256763655129,2025-02-07 09:45:00
H587,2.1137949921629957,Canter,0.6877145696467124,45.97512199247946,2025-02-07 09:46:00
H588,2.193319582865974,Canter,2.319253638873185,33.46183926536752,2025-02-07 09:47:00
H589,2.1920687584366587,Gallop,1.8384005258761569,48.16913667970235,2025-02-07 09:48:00
H590,2.2278540402684417,Canter,2.1585735986335113,33.516117170407,2025-02-07 09:49:00
H591,2.208240758974115,Gallop,2.257957800564535,40.11619726697256,2025-02-07 09:50:00
H592,2.961312117204822,Gallop,1.6435447040966444,34.285258944429955,2025-02-07 09:51:00
H593,2.272820126598717,Gallop,1.5348927035100826,50.76220941073107,2025-02-07 09:52:00
H594,2.518500924985795,Trot,1.3608548206419804,36.187563415084576,2025-02-07 09:53:00
H595,3.345182614859018,Gallop,1.1338931755822386,41.75578119564078,2025-02-07 09:54:00
H596,2.7109424603943086,Gallop,1.3691919217174235,56.87024332856336,2025-02-07 09:55:00
H597,3.001336607781541,Trot,2.0477593114603128,36.129491501969106,2025-02-07 09:56:00
H598,2.2584798068024448,Trot,1.7038468620302631,45.234151918763374,2025-02-07 09:57:00
H599,2.288433528213006,Trot,2.285046579909692,42.578149834980664,2025-02-07 09:58:00
H600,2.061302924399718,Canter,1.3867600287583755,30.54372123137189,2025-02-07 09:59:00
H601,2.253402594608247,Trot,1.714179157437508,53.782743407184384,2025-02-07 10:00:00
H602,2.417885508547938,Trot,1.7626151061839774,32.07137718943799,2025-02-07 10:01:00
H603,2.2655157264151202,Gallop,1.683394324612651,44.227650629308606,2025-02-07 10:02:00
H604,2.1330538006355835,Trot,1.9052675461710327,46.8203488481685,2025-02-07 10:03:00
H605,2.1809538066509013,Canter,0.9748669367496126,48.85279369843761,2025-02-07 10:04:00
H606,2.6911681520490887,Trot,1.5247275550915813,50.65894887923626,2025-02-07 10:05:00
H607,2.3095005776086888,Canter,0.7084496056166953,37.59817150568145,2025-02-07 10:06:00
H608,2.546404791572113,Trot,1.269022655289625,30.29936329975348,2025-02-07 10:07:00
H609,2.7551259062822853,Trot,1.4753341372425288,51.70330987064736,2025-02-07 10:08:00
H610,3.035592242944048,Trot,1.804448519090945,46.06969798042736,2025-02-07 10:09:00
H611,2.058968209761648,Trot,2.4010621051724073,55.08353109621746,2025-02-07 10:10:00
H612,3.199115598363564,Canter,1.7013021330967117,54.64165088702083,2025-02-07 10:11:00
H613,2.9418505842363616,Canter,1.9871878323531196,55.299785033636496,2025-02-07 10:12:00
H614,2.122638547923308,Gallop,1.5125321189904055,44.552839799386206,2025-02-07 10:13:00
H615,3.3103679361601657,Canter,1.7682080627526626,40.00885187510597,2025-02-07 10:14:00
H616,3.3813086007977198,Trot,0.6418644322675469,53.7467460777411,2025-02-07 10:15:00
H617,2.0916169397822957,Gallop,1.008783161683694,43.538823390877646,2025-02-07 10:16:00
H618,2.4153164722208054,Gallop,1.2237061864102774,35.50326589210304,2025-02-07 10:17:00
H619,3.209301919689592,Gallop,1.4449867100130271,55.64922058684423,2025-02-07 10:18:00
H620,3.1223895355754876,Trot,0.5912974910047675,56.47679630317042,2025-02-07 10:19:00
H621,2.276781529034566,Canter,0.7800481951066354,43.989292684205104,2025-02-07 10:20:00
H622,2.3140239850050657,Trot,1.0536286155826116,32.27099181929363,2025-02-07 10:21:00
H623,2.555708154187073,Gallop,2.4430653818021013,41.63478269750794,2025-02-07 10:22:00
H624,2.726784477786532,Trot,1.1626940142061015,54.1061297838781,2025-02-07 10:23:00
H625,2.927382157295444,Trot,1.464082116224165,57.05322085638686,2025-02-07 10:24:00
H626,2.5533704593546585,Canter,0.8921954254767859,36.10418227492787,2025-02-07 10:25:00
H627,2.6938020741997217,Canter,1.7215601421515365,32.009208360758144,2025-02-07 10:26:00
H628,3.121206407200635,Gallop,1.0613664310319486,56.32051359398516,2025-02-07 10:27:00
H629,2.055024804335897,Trot,0.9139851568768536,41.68214816936626,2025-02-07 10:28:00
H630,2.378655416516031,Trot,1.5331452568919581,46.2528289280269,2025-02-07 10:29:00
H631,3.0700243788268287,Canter,0.5110115983208416,59.04197436152277,2025-02-07 10:30:00
H632,3.342810256530799,Trot,0.5153280652984507,31.996941837426686,2025-02-07 10:31:00
H633,2.7675161631734992,Trot,0.9381376182037156,49.44954022356286,2025-02-07 10:32:00
H634,2.798170227897973,Trot,0.5734427250016423,32.22316267724601,2025-02-07 10:33:00
H635,2.1607580170096643,Canter,0.7160515082613828,41.26406785399501,2025-02-07 10:34:00
H636,2.6711185502351817,Gallop,1.1777212986775032,54.114436355803406,2025-02-07 10:35:00
H637,2.798925899682535,Gallop,2.105171359159626,43.004166982669034,2025-02-07 10:36:00
H638,2.3637057554520946,Trot,1.6440972867386017,59.915470617088516,2025-02-07 10:37:00
H639,2.4038648464240713,Gallop,1.5253354519128328,46.77177854839806,2025-02-07 10:38:00
H640,2.565926244656934,Canter,1.0869776464162433,39.6348645790786,2025-02-07 10:39:00
H641,2.0301067966665896,Canter,2.363507438865633,36.603339777142594,2025-02-07 10:40:00
H642,2.4831187483747676,Gallop,1.2940300824743833,40.51561602858486,2025-02-07 10:41:00
H643,2.317172010494817,Gallop,0.674185533591543,41.175998212786524,2025-02-07 10:42:00
H644,2.491246028266872,Trot,1.7341330322356026,32.06141033171883,2025-02-07 10:43:00
H645,2.179643197728877,Gallop,0.7276767869532028,41.0872259828032,2025-02-07 10:44:00
H646,3.3357909211098424,Trot,1.1904462856033842,43.927155592176746,2025-02-07 10:45:00
H647,2.890388680331073,Trot,1.5148238774356177,51.68213256716414,2025-02-07 10:46:00
H648,3.0186534787167343,Canter,2.2484450493703516,49.70188454164824,2025-02-07 10:47:00
H649,3.1837568579110074,Canter,1.4870931606802373,51.26296965687463,2025-02-07 10:48:00
H650,2.747663298393586,Canter,1.9045175320633285,30.250910456305714,2025-02-07 10:49:00
H651,2.1303804321311355,Canter,2.4856336779981407,36.53002198741608,2025-02-07 10:50:00
H652,2.8056598127278214,Gallop,0.7629782397959632,49.850528651995695,2025-02-07 10:51:00
H653,2.880261677031319,Canter,1.049463051039039,44.51968104539242,2025-02-07 10:52:00
H654,3.118159211276495,Gallop,1.2891521511952928,30.159404270050377,2025-02-07 10:53:00
H655,2.647489319344519,Canter,1.3436563570776627,54.13483927295467,2025-02-07 10:54:00
H656,2.1913704541933456,Gallop,1.3220421505310915,53.18428719871012,2025-02-07 10:55:00
H657,2.4256638586980865,Trot,2.31522200511311,46.45257488980688,2025-02-07 10:56:00
H658,2.5446234445979528,Gallop,1.9280652889337129,31.993899773288163,2025-02-07 10:57:00
H659,2.968875861997402,Gallop,1.7158104281814075,52.99545148597754,2025-02-07 10:58:00
H660,2.8561674570033677,Canter,1.1187454357255642,47.51140763194092,2025-02-07 10:59:00
H661,2.5341450888467696,Gallop,2.147580768442589,53.458799314738776,2025-02-07 11:00:00
H662,3.4797728731894697,Trot,2.410121022969978,52.55240977187521,2025-02-07 11:01:00
H663,2.908662229035331,Trot,2.1423965651004533,54.090062158735115,2025-02-07 11:02:00
H664,2.3558401876039916,Canter,0.5031302103829458,45.540241992138746,2025-02-07 11:03:00
H665,2.152673708930606,Trot,1.772802740366814,34.20973554580545,2025-02-07 11:04:00
H666,2.229288708776498,Gallop,0.6022707628842014,50.13472420139066,2025-02-07 11:05:00
H667,2.368936592576762,Trot,1.0152144406674437,48.61421355155912,2025-02-07 11:06:00
H668,2.2410220598893336,Canter,0.6190494006955434,52.26759561597262,2025-02-07 11:07:00
H669,2.2798505360769585,Gallop,1.7075909058987755,35.09643018152206,2025-02-07 11:08:00
H670,2.4276427530407707,Canter,1.8731798269852136,35.849255997008676,2025-02-07 11:09:00
H671,2.2600603929421323,Gallop,0.7289752761318102,56.712285516579854,2025-02-07 11:10:00
H672,3.345148136939638,Trot,1.267677766089959,52.49933395356213,2025-02-07 11:11:00
H673,2.120350618492463,Canter,1.412473017911084,57.24685466100969,2025-02-07 11:12:00
H674,2.786767084355382,Canter,1.2381060435218332,52.76145963491762,2025-02-07 11:13:00
H675,2.615595240484492,Gallop,0.7420500009703861,47.914659179709055,2025-02-07 11:14:00
H676,3.4735679253629095,Canter,1.3378955803749508,49.62398211083621,2025-02-07 11:15:00
H677,2.1680583532520785,Gallop,2.002356095616836,56.6738377182003,2025-02-07 11:16:00
H678,2.596783398568612,Gallop,0.6420153290665109,47.36420263535821,2025-02-07 11:17:00
H679,3.454205649913053,Gallop,0.6603600281638069,48.97173972985162,2025-02-07 11:18:00
H680,3.2982606888409705,Gallop,1.2095425836719684,34.69430148010802,2025-02-07 11:19:00
H681,3.2256081064239197,Trot,2.38345142323785,44.21763660348308,2025-02-07 11:20:00
H682,2.3868542405674096,Gallop,1.837145293445828,51.49191335874297,2025-02-07 11:21:00
H683,2.256331381085099,Canter,1.8573399133451296,38.128280949490964,2025-02-07 11:22:00
H684,3.0029648298866465,Trot,1.22383998167573,36.067625415736046,2025-02-07 11:23:00
H685,3.3940639836913786,Canter,1.6873215824170769,39.414804246732466,2025-02-07 11:24:00
H686,2.8351443395208946,Trot,0.5202623680554868,37.245018839785004,2025-02-07 11:25:00
H687,2.8574190342048498,Gallop,1.7721920928190844,36.44737911109188,2025-02-07 11:26:00
H688,2.4199686404904264,Trot,2.3265738951524737,42.74552528604261,2025-02-07 11:27:00
H689,3.1542393997879055,Trot,1.7251469366896384,57.23515541650602,2025-02-07 11:28:00
H690,2.280565622836285,Canter,2.24739718693269,45.21178940216155,2025-02-07 11:29:00
H691,2.4855188546063656,Canter,1.9479461109321876,35.63761142445969,2025-02-07 11:30:00
H692,2.638154657924625,Gallop,0.7411168328073805,32.309150081426225,2025-02-07 11:31:00
H693,2.7614155680266825,Trot,2.304906614571683,50.88468435413776,2025-02-07 11:32:00
H694,2.3636145986226205,Trot,0.6328876887115498,41.48396293309163,2025-02-07 11:33:00
H695,2.1722552371088053,Trot,1.5679349450955276,54.65492839756078,2025-02-07 11:34:00
H696,2.915930063662449,Gallop,0.7842742475869153,49.7853230592231,2025-02-07 11:35:00
H697,2.4329458298603837,Gallop,0.5234132214618081,53.88724351624106,2025-02-07 11:36:00
H698,2.8718573321339185,Gallop,1.344068520255278,38.15838118255346,2025-02-07 11:37:00
H699,2.2315440729113036,Gallop,1.0900814153083125,50.77076767383174,2025-02-07 11:38:00
H700,2.7217101527822263,Gallop,1.472000987595206,37.92185954081156,2025-02-07 11:39:00
H701,2.798884148827379,Canter,1.6543997734691016,58.17205438350875,2025-02-07 11:40:00
H702,2.0777353052336403,Trot,0.5874781446178947,49.09122844600123,2025-02-07 11:41:00
H703,2.504906417290881,Trot,0.7460065902474913,39.73535400526026,2025-02-07 11:42:00
H704,2.2016220154084616,Trot,1.6172847929008507,38.085355868768175,2025-02-07 11:43:00
H705,2.0950624557091517,Trot,1.1863347063453165,35.727797552149305,2025-02-07 11:44:00
H706,3.4849403485849177,Trot,1.958346975098896,50.83922876681183,2025-02-07 11:45:00
H707,2.4835307674620846,Trot,1.8045832971838793,36.561468389937815,2025-02-07 11:46:00
H708,3.2148116687819526,Trot,2.1912087259798136,47.859097977824675,2025-02-07 11:47:00
H709,2.381960982145646,Trot,1.8849856533384506,37.93905080776072,2025-02-07 11:48:00
H710,3.022254083335894,Canter,1.3598621547802963,49.85906834381606,2025-02-07 11:49:00
H711,3.1403417898345296,Trot,1.8459332447888648,54.44819185621618,2025-02-07 11:50:00
H712,2.8934581109117663,Canter,1.050762348510837,53.340757294339596,2025-02-07 11:51:00
H713,2.7073642828252376,Gallop,1.1126269975564254,52.82553992792345,2025-02-07 11:52:00
H714,2.6177613712209027,Trot,2.0779703198415866,35.63167217076756,2025-02-07 11:53:00
H715,2.523302399814493,Gallop,1.3928390328031643,32.651548409535565,2025-02-07 11:54:00
H716,3.394293716371739,Gallop,2.096760681036705,50.96846485462157,2025-02-07 11:55:00
H717,3.2459291116815936,Gallop,2.144844747336557,41.05041641383054,2025-02-07 11:56:00
H718,3.4475403659997688,Canter,2.2151246753225675,42.97038679210042,2025-02-07 11:57:00
H719,2.186445835228317,Gallop,2.3332704716824146,30.93447278380173,2025-02-07 11:58:00
H720,3.096301212805466,Gallop,1.3619704410265925,37.78729347825148,2025-02-07 11:59:00
H721,3.4075106852315566,Gallop,1.1377336366422777,31.01029211623392,2025-02-07 12:00:00
H722,2.2718495992484904,Trot,1.6643974931882277,56.37557317803743,2025-02-07 12:01:00
H723,2.0997444010501662,Trot,1.2423448468752551,37.301900496555916,2025-02-07 12:02:00
H724,3.111680973935089,Canter,1.702148333600466,46.72011508719024,2025-02-07 12:03:00
H725,2.861709669769868,Canter,1.9111717252876492,31.16937961983391,2025-02-07 12:04:00
H726,3.262743165137408,Trot,1.8768100369842737,50.00542173916974,2025-02-07 12:05:00
H727,2.209658564939434,Canter,1.2491057740402427,39.69082037262282,2025-02-07 12:06:00
H728,3.1929009677898352,Trot,0.8337204033975056,56.93757560872997,2025-02-07 12:07:00
H729,2.3024409800716166,Gallop,1.361058676924415,56.643545668021076,2025-02-07 12:08:00
H730,2.245483914298557,Gallop,0.7851882881638175,39.758718550852436,2025-02-07 12:09:00
H731,2.2463986968964895,Canter,2.2801940703676165,57.02882687071404,2025-02-07 12:10:00
H732,3.221862080347073,Trot,1.1917549214757148,59.88473020496336,2025-02-07 12:11:00
H733,2.9977958310443,Trot,0.8089194944466476,54.76246992371844,2025-02-07 12:12:00
H734,2.784598137153679,Canter,0.5508955198115018,55.34614043265687,2025-02-07 12:13:00
H735,2.538245726185254,Trot,1.7916447725729685,37.4702620832727,2025-02-07 12:14:00
H736,3.3158008112196624,Gallop,1.7738046349094865,47.30107196573269,2025-02-07 12:15:00
H737,2.588667661133953,Canter,1.1812083331625833,32.017677419021034,2025-02-07 12:16:00
H738,3.2248991592073657,Canter,0.643423777695302,32.84753810465009,2025-02-07 12:17:00
H739,2.658702362855328,Trot,1.319257789790464,59.96677836099872,2025-02-07 12:18:00
H740,2.565416644137361,Canter,1.1224349901267872,39.799177482777324,2025-02-07 12:19:00
H741,2.69401967850441,Trot,1.8542412794700187,52.44551736146539,2025-02-07 12:20:00
H742,2.452066811246213,Trot,1.7115584989053807,54.199951590804496,2025-02-07 12:21:00
H743,3.1214140702643767,Trot,1.22918745639508,55.74069813021688,2025-02-07 12:22:00
H744,2.754080585138719,Trot,0.9357851085099802,59.928848922064695,2025-02-07 12:23:00
H745,2.348319042720226,Trot,2.476071932311184,37.24489455770603,2025-02-07 12:24:00
H746,3.349361859911853,Canter,1.4080032423922297,31.210524805790993,2025-02-07 12:25:00
H747,2.5758368320598173,Gallop,1.876548471560474,42.335745539837575,2025-02-07 12:26:00
H748,2.8153292916709827,Gallop,0.7811059351567216,33.90242009486841,2025-02-07 12:27:00
H749,3.3597081664468202,Canter,1.4711793993187956,30.672776674861655,2025-02-07 12:28:00
H750,2.936356993870988,Canter,0.555073439738931,40.812804814244586,2025-02-07 12:29:00
H751,2.175347061062546,Gallop,1.5109102358209,53.51214753225709,2025-02-07 12:30:00
H752,3.409748185420213,Gallop,2.4280348142354047,46.985420736752125,2025-02-07 12:31:00
H753,2.941562079607127,Gallop,1.2684134259716005,39.38333967631062,2025-02-07 12:32:00
H754,2.502358421985629,Gallop,0.5779920251498232,49.63026016478159,2025-02-07 12:33:00
H755,2.208908108995081,Gallop,0.5619115818386871,36.96054540926432,2025-02-07 12:34:00
H756,3.1910377839054442,Trot,1.275973519893739,30.431443382162552,2025-02-07 12:35:00
H757,2.9301091338927705,Canter,0.8200498729263881,52.93060159309282,2025-02-07 12:36:00
H758,2.800191637964482,Trot,0.5467041926563718,48.71229254592028,2025-02-07 12:37:00
H759,3.3408388745764364,Gallop,2.0124272279003534,52.8690787350288,2025-02-07 12:38:00
H760,3.1828958168367962,Gallop,1.4170460177637814,31.168140500629967,2025-02-07 12:39:00
H761,2.2275123195991267,Gallop,1.078489543945309,55.11358883491957,2025-02-07 12:40:00
H762,2.4675831016933225,Trot,2.300166366032961,48.585786001089105,2025-02-07 12:41:00
H763,2.3727337097216985,Trot,0.7322779204010512,46.901860521379206,2025-02-07 12:42:00
H764,3.1159194388590157,Gallop,2.411837657910638,48.738421443435946,2025-02-07 12:43:00
H765,2.050298652103669,Trot,1.1279334347547056,55.93299740605092,2025-02-07 12:44:00
H766,2.854834527306975,Trot,2.2768073446173624,47.60809519676721,2025-02-07 12:45:00
H767,3.143688028611036,Gallop,1.705885752958923,47.428511396645376,2025-02-07 12:46:00
H768,3.3151484551426242,Trot,2.153414719482975,59.72037471197297,2025-02-07 12:47:00
H769,2.513122623073861,Canter,2.4680263264209286,52.70190501205704,2025-02-07 12:48:00
H770,3.231885957008019,Canter,1.0768108756374914,43.26881416353406,2025-02-07 12:49:00
H771,2.1659476054328106,Canter,2.4222709708151857,51.22191000098783,2025-02-07 12:50:00
H772,3.2696784376017773,Canter,1.2789637898048407,41.67691415075365,2025-02-07 12:51:00
H773,2.1912329934979735,Gallop,1.2710238094738446,36.866263874504966,2025-02-07 12:52:00
H774,2.595930935840551,Gallop,1.1807742085090114,47.90555630663278,2025-02-07 12:53:00
H775,3.1959430486693305,Gallop,1.5828152146951704,57.84546294341854,2025-02-07 12:54:00
H776,2.224876141023161,Canter,0.8082900863569742,57.87418560046388,2025-02-07 12:55:00
H777,2.3438770928489623,Canter,1.6074229707160224,40.25715834316471,2025-02-07 12:56:00
H778,3.0833788525895995,Trot,1.583409624820008,45.83032398665085,2025-02-07 12:57:00
H779,3.0800548048191114,Trot,2.02380362520974,36.34907695709583,2025-02-07 12:58:00
H780,2.9617214493279462,Canter,2.167299923875171,59.8689332849665,2025-02-07 12:59:00
H781,3.04092266670065,Canter,1.380882700624848,59.43353723603807,2025-02-07 13:00:00
H782,2.814086665021394,Canter,1.1046664987029875,49.485267891223415,2025-02-07 13:01:00
H783,2.3776985883604294,Canter,1.018669794634189,54.1324217903242,2025-02-07 13:02:00
H784,2.5185439902558793,Trot,0.8892476734097439,51.453004838511,2025-02-07 13:03:00
H785,2.2723965752021384,Canter,0.6152951643980498,47.79474657118405,2025-02-07 13:04:00
H786,3.3626758420004426,Trot,1.1848959576694267,31.60043990966693,2025-02-07 13:05:00
H787,2.875087692149181,Canter,1.0404953842615665,43.64293027657983,2025-02-07 13:06:00
H788,2.60127712514546,Canter,2.4328347717328147,50.24358906502232,2025-02-07 13:07:00
H789,2.693008705466199,Canter,1.6154176525000878,50.32594841651054,2025-02-07 13:08:00
H790,3.420925009417723,Trot,1.194554078061015,41.19367855267151,2025-02-07 13:09:00
H791,2.2300271046741202,Trot,1.660935201987392,58.25075959974092,2025-02-07 13:10:00
H792,2.879344748025196,Gallop,0.778393402691391,35.020710967103426,2025-02-07 13:11:00
H793,2.758833018326699,Canter,1.3880874984044058,45.01078338646682,2025-02-07 13:12:00
H794,2.917181353151972,Gallop,1.7524686428421277,50.726519296524685,2025-02-07 13:13:00
H795,2.0271652757312606,Gallop,1.4777956635849028,50.914074176754276,2025-02-07 13:14:00
H796,3.3081858634162273,Trot,1.3035576013086485,49.459168703064464,2025-02-07 13:15:00
H797,3.3981774237254188,Trot,2.487696777799396,38.2586464035558,2025-02-07 13:16:00
H798,2.8476997753838136,Gallop,2.260629524297854,34.68619706059866,2025-02-07 13:17:00
H799,3.0449762358153385,Canter,1.7468119163188802,49.078209804801325,2025-02-07 13:18:00
H800,3.3837490717659433,Trot,1.6387547223645655,47.97906348418313,2025-02-07 13:19:00
H801,3.0608579514700978,Canter,1.741320959649168,35.38068030867723,2025-02-07 13:20:00
H802,2.228808564371392,Canter,0.9026242156448665,51.1541743671169,2025-02-07 13:21:00
H803,2.8644325402502195,Gallop,1.2902754865286372,43.655159752009695,2025-02-07 13:22:00
H804,2.9100725695742837,Gallop,0.5789190657817986,50.03281774809459,2025-02-07 13:23:00
H805,2.636196006953579,Gallop,1.4510920749736533,55.12101239310452,2025-02-07 13:24:00
H806,3.104666353437084,Gallop,1.5860491679153264,35.09185285730769,2025-02-07 13:25:00
H807,3.4015505221535225,Trot,0.9554994722064192,30.5743460399051,2025-02-07 13:26:00
H808,3.3883527693601643,Trot,2.4280576943310272,53.3730775918736,2025-02-07 13:27:00
H809,2.676259057106198,Gallop,2.318909221874484,48.290922754578474,2025-02-07 13:28:00
H810,2.1698570687611327,Trot,1.9442864709118117,50.989187088663655,2025-02-07 13:29:00
H811,3.477261798443502,Gallop,1.5667732575307252,55.14464924965928,2025-02-07 13:30:00
H812,3.258347129668901,Canter,2.23993831929537,54.08432804473502,2025-02-07 13:31:00
H813,2.1869940218049004,Canter,0.7613046876469258,58.82760440786474,2025-02-07 13:32:00
H814,3.3812628239260585,Canter,2.08101958854977,46.07805236556355,2025-02-07 13:33:00
H815,3.3048445430931923,Gallop,0.7496416279336966,44.65486897979716,2025-02-07 13:34:00
H816,2.7782570856891082,Canter,2.088421325098811,42.0566159967219,2025-02-07 13:35:00
H817,2.8869131536173938,Trot,1.051535136502714,34.61073128532614,2025-02-07 13:36:00
H818,2.5985040558051953,Canter,2.254181162036378,47.17821698646067,2025-02-07 13:37:00
H819,2.082142458233047,Canter,2.3880841876507954,38.310375729779366,2025-02-07 13:38:00
H820,2.5027958624688513,Canter,0.7975919388102313,57.63922536638927,2025-02-07 13:39:00
H821,3.2042801728970174,Trot,1.425351210130787,47.49572412831293,2025-02-07 13:40:00
H822,2.0069480345069044,Gallop,2.46197475632537,47.785205415243304,2025-02-07 13:41:00
H823,2.500248757536716,Trot,1.4668148719462932,40.6477398263103,2025-02-07 13:42:00
H824,2.597253040386415,Gallop,2.22709504502909,31.559680559331223,2025-02-07 13:43:00
H825,2.8060934044068846,Gallop,1.6774630442626397,30.95231296118966,2025-02-07 13:44:00
H826,3.3797834246191405,Canter,1.2506598158392037,42.700054324595925,2025-02-07 13:45:00
H827,2.5195189915489418,Gallop,1.0715671110517404,32.53696134291714,2025-02-07 13:46:00
H828,2.5204298028443413,Trot,0.9064461821721745,48.20540866620418,2025-02-07 13:47:00
H829,3.1062518721646226,Trot,2.0235963827553944,56.429190169189724,2025-02-07 13:48:00
H830,2.678326911334711,Gallop,1.2730810136460557,56.48744449556166,2025-02-07 13:49:00
H831,2.336907234409973,Canter,1.5225509244015023,49.77136230396697,2025-02-07 13:50:00
H832,2.67865927419904,Canter,1.4846509600023639,36.33695494418793,2025-02-07 13:51:00
H833,2.2112855305697,Trot,1.6545580584662625,55.88990494076616,2025-02-07 13:52:00
H834,2.264580479759335,Canter,2.2311542912491045,56.58280305939624,2025-02-07 13:53:00
H835,2.7475516591092197,Gallop,2.461478687166859,35.89960754858876,2025-02-07 13:54:00
H836,2.6283881742568216,Gallop,1.3151684171476339,52.12278257312032,2025-02-07 13:55:00
H837,3.37226885160215,Trot,2.155037844212606,38.59558646781369,2025-02-07 13:56:00
H838,2.54359084867495,Gallop,2.0290555893094355,54.07920937058789,2025-02-07 13:57:00
H839,2.8708825254170653,Trot,1.6470579029111465,59.91713699710808,2025-02-07 13:58:00
H840,2.9483964318792957,Gallop,2.412094287223866,30.900780159881784,2025-02-07 13:59:00
H841,2.0196416848825005,Trot,0.9009490310568056,56.92097597372796,2025-02-07 14:00:00
H842,2.995306058025066,Canter,0.7185284206192428,48.67891600795974,2025-02-07 14:01:00
H843,2.267053950304627,Gallop,2.2079239339108443,59.20147857494463,2025-02-07 14:02:00
H844,3.441605476204183,Gallop,1.3782996332674966,43.95028552579283,2025-02-07 14:03:00
H845,2.2229940916296695,Trot,2.193937708414121,55.42163791714121,2025-02-07 14:04:00
H846,2.6219361855905357,Trot,2.2861804103908296,31.871822057948318,2025-02-07 14:05:00
H847,2.128024502117966,Gallop,0.6249151872381429,40.05837150234887,2025-02-07 14:06:00
H848,3.495311377768921,Trot,2.266929525972121,32.010496132536296,2025-02-07 14:07:00
H849,2.753292515496864,Gallop,1.3966381107388444,59.26029400437211,2025-02-07 14:08:00
H850,2.8930775259800656,Canter,1.5208649780084644,54.5092172181551,2025-02-07 14:09:00
H851,2.1006147160826414,Trot,1.7531850221864205,55.57642263737911,2025-02-07 14:10:00
H852,3.1249407055987666,Gallop,2.3527652134601738,58.13895694301682,2025-02-07 14:11:00
H853,2.3148583896433785,Canter,0.5382321888595281,32.55310458359356,2025-02-07 14:12:00
H854,3.347081434161071,Canter,1.4536869366356342,41.5679277754,2025-02-07 14:13:00
H855,2.307709460723011,Gallop,1.8754440848611214,32.131046671320064,2025-02-07 14:14:00
H856,2.2860315809955,Trot,1.945413915396457,36.32379304650086,2025-02-07 14:15:00
H857,2.0548245017721425,Gallop,1.885064863074216,36.88097331113017,2025-02-07 14:16:00
H858,2.708100417664999,Canter,0.7688702588162437,44.07321633142736,2025-02-07 14:17:00
H859,2.8472616998939246,Gallop,1.0987911767433625,38.05686502360928,2025-02-07 14:18:00
H860,2.0985629591425283,Trot,1.217431050834027,33.029343204532836,2025-02-07 14:19:00
H861,3.163291425042516,Canter,2.10887441535901,35.024732672823234,2025-02-07 14:20:00
H862,2.6799332521220416,Gallop,1.057519744829106,34.41826690656273,2025-02-07 14:21:00
H863,2.78658540399137,Trot,0.9214099277344063,59.19230393736895,2025-02-07 14:22:00
H864,2.661144120407342,Canter,2.4148960380761926,52.778775207554204,2025-02-07 14:23:00
H865,2.601144591312989,Trot,0.5177265702269378,59.03284395808686,2025-02-07 14:24:00
H866,2.8394604969623267,Canter,2.495641711363956,43.19221459523726,2025-02-07 14:25:00
H867,2.232860368896069,Gallop,1.8536425977147912,38.3510544498797,2025-02-07 14:26:00
H868,2.272892195742907,Trot,2.1569385988982344,53.9487959162756,2025-02-07 14:27:00
H869,3.292678431520276,Canter,1.0892387926923863,39.787617541234404,2025-02-07 14:28:00
H870,3.419173193200449,Trot,0.52863055533412,38.98150121116045,2025-02-07 14:29:00
H871,2.559963974419629,Trot,1.97573903712306,36.97517976623494,2025-02-07 14:30:00
H872,2.406117009715331,Gallop,2.1682891940013516,33.89036934672706,2025-02-07 14:31:00
H873,2.9659993148585237,Trot,1.9809522639070383,37.69389183050298,2025-02-07 14:32:00
H874,2.6131012566471448,Canter,0.7857005746016772,40.65959245421663,2025-02-07 14:33:00
H875,2.0380795334905173,Canter,2.006855844513938,50.219826244371916,2025-02-07 14:34:00
H876,2.2342288960492853,Canter,2.037845564215282,31.876945266583547,2025-02-07 14:35:00
H877,3.073958343271096,Canter,1.8170810313401098,36.31520818996029,2025-02-07 14:36:00
H878,2.988385912865227,Gallop,2.0322318655911724,54.27070920875029,2025-02-07 14:37:00
H879,2.0406439887552255,Trot,2.1918428793554643,34.407657707513124,2025-02-07 14:38:00
H880,2.332958242899424,Gallop,1.7272082284749168,40.27935439567565,2025-02-07 14:39:00
H881,2.3466121948821073,Trot,0.6772094279393581,55.939767655744205,2025-02-07 14:40:00
H882,3.0078391153980926,Trot,1.4752556193344217,34.64775933430328,2025-02-07 14:41:00
H883,2.0295658066315463,Trot,0.6552986693432101,32.4821050685457,2025-02-07 14:42:00
H884,2.1561628729768607,Gallop,1.3150860620648617,44.536139852400325,2025-02-07 14:43:00
H885,3.199874128059784,Trot,1.3142129782512553,39.07258533835609,2025-02-07 14:44:00
H886,2.2678169930815004,Gallop,0.6320196882804832,46.90225093451562,2025-02-07 14:45:00
H887,2.9791191617778123,Canter,1.1976410679389586,54.11414671450426,2025-02-07 14:46:00
H888,2.35727417157009,Canter,0.7219961975826297,34.114454644582295,2025-02-07 14:47:00
H889,2.1491620891390175,Trot,2.1164704200184445,47.420972536628554,2025-02-07 14:48:00
H890,2.364758286499181,Gallop,2.3953760519289418,45.16526281169592,2025-02-07 14:49:00
H891,3.083400397783489,Canter,0.6446329505158772,34.32236358039599,2025-02-07 14:50:00
H892,3.2835447021594284,Gallop,2.4102304145834026,48.71995456586947,2025-02-07 14:51:00
H893,3.2453297968504873,Gallop,1.5451531986734903,38.20921253582315,2025-02-07 14:52:00
H894,2.595775294427682,Trot,1.0991313559077478,44.635029556320376,2025-02-07 14:53:00
H895,3.0021277048559694,Canter,0.653724150552327,32.46816972831186,2025-02-07 14:54:00
H896,2.3074764431237313,Trot,1.5012485361408356,43.78752171640869,2025-02-07 14:55:00
H897,2.4397215953915197,Trot,2.089031088981497,39.19390404128461,2025-02-07 14:56:00
H898,3.34450372778168,Canter,1.9141729545333963,54.67143633556063,2025-02-07 14:57:00
H899,2.019502885266104,Canter,0.6004520229279475,31.70936180992105,2025-02-07 14:58:00
H900,2.1282627962817022,Gallop,0.645803670735807,42.5582182475499,2025-02-07 14:59:00
H901,2.311829382719041,Canter,1.3057465652652742,43.752942723943136,2025-02-07 15:00:00
H902,2.0397983058107294,Gallop,1.0905809880958865,51.75018228897356,2025-02-07 15:01:00
H903,2.272153152634696,Gallop,0.9647686461120957,47.22862725270633,2025-02-07 15:02:00
H904,2.8745623414545385,Gallop,1.0620089978174272,50.01637011582543,2025-02-07 15:03:00
H905,2.6321368258887468,Canter,2.1069654865937695,53.31147856955268,2025-02-07 15:04:00
H906,3.339007566615462,Trot,2.3584561072637076,55.86608920974567,2025-02-07 15:05:00
H907,3.2261653426076613,Gallop,1.3102053890551328,39.41626490167411,2025-02-07 15:06:00
H908,2.512726027546814,Trot,2.312222004264994,46.14068116091709,2025-02-07 15:07:00
H909,2.389135150146939,Trot,1.142991402495764,55.203242353175995,2025-02-07 15:08:00
H910,2.5695386122509003,Canter,1.4528739726875832,59.68353392895169,2025-02-07 15:09:00
H911,2.8854424137722114,Trot,0.9520579956319994,56.685579331312894,2025-02-07 15:10:00
H912,2.4020954612343144,Trot,1.780952084351688,41.144017878731304,2025-02-07 15:11:00
H913,2.936223361773701,Canter,2.457962230349618,35.85499551655951,2025-02-07 15:12:00
H914,2.6141174782868606,Gallop,1.7069861920867573,44.68177612219766,2025-02-07 15:13:00
H915,2.8280707712779702,Trot,1.2156281682270977,52.249243555081264,2025-02-07 15:14:00
H916,2.654189793702975,Canter,1.7956348919810567,44.77707212259892,2025-02-07 15:15:00
H917,2.4416986393128766,Trot,0.7458413569307751,44.49542589941005,2025-02-07 15:16:00
H918,3.4226799604432347,Trot,2.2773181605307973,55.14691263245402,2025-02-07 15:17:00
H919,3.1454086912396413,Gallop,1.5061679015596727,40.84211337201559,2025-02-07 15:18:00
H920,2.2101697636496787,Trot,1.3986994840792841,55.79384024434937,2025-02-07 15:19:00
H921,3.3027019638468693,Canter,1.6717295769070384,42.20414402855171,2025-02-07 15:20:00
H922,2.7311467973742705,Trot,1.749567725578805,39.84699317035018,2025-02-07 15:21:00
H923,3.341828340341137,Gallop,0.6435516124530261,43.61969733599097,2025-02-07 15:22:00
H924,3.1997828839209728,Gallop,1.8652344424468048,52.87340876024605,2025-02-07 15:23:00
H925,2.6378202567038502,Canter,0.9838633606310592,33.780060835919826,2025-02-07 15:24:00
H926,2.033703962480176,Gallop,1.9279052650131796,35.89257647616052,2025-02-07 15:25:00
H927,2.403016039077419,Trot,2.1450695887683935,58.543344769892755,2025-02-07 15:26:00
H928,2.8124513219913005,Gallop,2.1079170151050404,35.26474882144072,2025-02-07 15:27:00
H929,2.950217329739221,Canter,1.6050019348157782,47.03181953793164,2025-02-07 15:28:00
H930,2.3868315281498034,Gallop,1.5403397846215023,47.379433999858136,2025-02-07 15:29:00
H931,2.2090341111092364,Gallop,0.7857519226788234,44.688733861507345,2025-02-07 15:30:00
H932,3.2523953551989484,Gallop,2.050692300806271,49.34235745730456,2025-02-07 15:31:00
H933,3.4766032710553283,Canter,1.0428187608934287,36.89480177392855,2025-02-07 15:32:00
H934,2.7885352734540287,Gallop,1.493390845635893,46.579868033302446,2025-02-07 15:33:00
H935,2.257518928772455,Gallop,1.0685481858550334,41.165197657406914,2025-02-07 15:34:00
H936,2.408460989779053,Trot,0.7676567259993863,49.850017788875675,2025-02-07 15:35:00
H937,2.0275860148212,Canter,1.7591153937834731,34.23670630119449,2025-02-07 15:36:00
H938,3.3714482098407483,Gallop,0.6086640696458077,47.12632250518429,2025-02-07 15:37:00
H939,2.1766266243352117,Canter,1.9972904682524,35.55811066149971,2025-02-07 15:38:00
H940,2.8647747132713803,Gallop,1.1351735905222333,38.35929189345109,2025-02-07 15:39:00
H941,2.411082831030809,Gallop,0.5002693860089706,36.561294009707495,2025-02-07 15:40:00
H942,2.8312670037736902,Gallop,1.5222582784744596,35.48513339606451,2025-02-07 15:41:00
H943,2.9771305825277965,Trot,0.5937038170552063,54.77132854682001,2025-02-07 15:42:00
H944,3.2446127055608027,Trot,1.052339115641799,38.57122702982671,2025-02-07 15:43:00
H945,2.3096319076409046,Trot,1.9139529749114323,57.81371345593348,2025-02-07 15:44:00
H946,2.0164937429877208,Canter,0.6253792432437317,59.09779576035572,2025-02-07 15:45:00
H947,2.205328445103211,Canter,2.1786769847120047,47.13781409811292,2025-02-07 15:46:00
H948,3.350027962772158,Trot,0.5076398453171662,34.29003367997179,2025-02-07 15:47:00
H949,3.310835116343773,Canter,0.9936477384038045,41.236447301387436,2025-02-07 15:48:00
H950,2.8961196532554627,Gallop,1.9818081123041429,53.93196790044642,2025-02-07 15:49:00
H951,2.90077529065048,Gallop,1.1325402994586136,41.021721860912116,2025-02-07 15:50:00
H952,2.997555011819383,Gallop,0.7037847761320271,32.61051654908366,2025-02-07 15:51:00
H953,2.2630569179351743,Trot,1.2204678376008558,46.70354732784564,2025-02-07 15:52:00
H954,3.3716179188874396,Canter,1.040786572769051,55.35362554488104,2025-02-07 15:53:00
H955,2.62815578733811,Trot,2.18542380432111,53.87779161430507,2025-02-07 15:54:00
H956,2.5747077923742463,Canter,1.1266958351702863,35.2536942039106,2025-02-07 15:55:00
H957,2.7783765579242563,Gallop,2.0778649435520142,50.182938432374,2025-02-07 15:56:00
H958,2.0704489501625827,Trot,2.2837442896214695,36.615127903069414,2025-02-07 15:57:00
H959,2.249425053134119,Canter,1.367634839153059,36.546226036565166,2025-02-07 15:58:00
H960,3.1070504246395556,Canter,2.3198862877087842,56.22215319915556,2025-02-07 15:59:00
H961,2.12419800188769,Gallop,1.2546361079263857,37.4900685822069,2025-02-07 16:00:00
H962,2.9047281641995824,Trot,2.4281568329802163,37.89742039554034,2025-02-07 16:01:00
H963,2.3680236645219814,Trot,0.6785790490511459,30.019601722838985,2025-02-07 16:02:00
H964,2.5839434210629646,Trot,1.8740385330064855,56.12007102376553,2025-02-07 16:03:00
H965,2.43304060515605,Gallop,1.4876280809138573,53.77784439627404,2025-02-07 16:04:00
H966,2.533509074697424,Trot,1.2752976109112941,48.81986805272034,2025-02-07 16:05:00
H967,3.0785688577763684,Gallop,1.7654237574972018,52.507972918165265,2025-02-07 16:06:00
H968,2.4456825734347625,Gallop,1.9077141832686624,34.56145702273476,2025-02-07 16:07:00
H969,2.849606960445346,Gallop,0.5087265393006182,43.74970783762726,2025-02-07 16:08:00
H970,2.7140756032986495,Canter,0.8339061774943974,40.53658162046342,2025-02-07 16:09:00
H971,2.9955067480439723,Trot,1.9260921012686374,32.813295787710494,2025-02-07 16:10:00
H972,3.405244608987137,Trot,1.832770827156413,44.58391455644772,2025-02-07 16:11:00
H973,3.0988581458153757,Gallop,2.4320950102573544,57.62218951027906,2025-02-07 16:12:00
H974,2.322410567886135,Gallop,2.022075580501566,31.201773571520835,2025-02-07 16:13:00
H975,2.046774702591927,Trot,2.4015454154626763,38.743827404813814,2025-02-07 16:14:00
H976,2.393396066449738,Gallop,1.905081003069614,36.226228086171105,2025-02-07 16:15:00
H977,2.892616896050382,Trot,1.0961044172788863,37.14439960997089,2025-02-07 16:16:00
H978,2.0771387202263756,Canter,0.710729844501713,57.25303655638126,2025-02-07 16:17:00
H979,2.7445493708018542,Gallop,2.0636477266898714,44.042071627028704,2025-02-07 16:18:00
H980,2.895264273375334,Trot,1.7882984429518318,43.988982388194565,2025-02-07 16:19:00
H981,2.501365836225441,Gallop,0.5963720247865925,52.81726927365847,2025-02-07 16:20:00
H982,3.1563683056187326,Trot,1.2201009318019567,34.63476612014777,2025-02-07 16:21:00
H983,2.1598973797006575,Trot,2.413599630968572,44.61796062300152,2025-02-07 16:22:00
H984,2.1127066726037134,Gallop,1.5008022914204024,42.89955642363179,2025-02-07 16:23:00
H985,3.092283134305405,Canter,1.3654582720394093,47.90732071639968,2025-02-07 16:24:00
H986,2.7432369743092977,Trot,1.415399210318588,59.98673109751316,2025-02-07 16:25:00
H987,3.0326035946416043,Trot,0.9177654480103274,53.08346682246142,2025-02-07 16:26:00
H988,2.6522410079056193,Trot,1.2374143417295904,41.93597109052281,2025-02-07 16:27:00
H989,2.36960304985866,Canter,1.2396265119743533,54.82659156822141,2025-02-07 16:28:00
H990,3.2286534765112993,Canter,0.6047100403749448,35.1212508993744,2025-02-07 16:29:00
H991,3.1991238184534687,Gallop,2.0351352570358365,30.913910589268802,2025-02-07 16:30:00
H992,3.04204470628164,Canter,1.333008863807758,36.133451173928194,2025-02-07 16:31:00
H993,2.408217705844944,Gallop,2.1443597736328464,40.21234668342779,2025-02-07 16:32:00
H994,2.8853460003036306,Gallop,2.200696002239791,45.3174227237868,2025-02-07 16:33:00
H995,2.5414608454100405,Canter,0.9239881093973161,48.453874216235995,2025-02-07 16:34:00
H996,2.137373109989951,Gallop,1.8147069643402571,57.318171516432656,2025-02-07 16:35:00
H997,3.375970363193364,Canter,1.4445636083259634,45.29562028651373,2025-02-07 16:36:00
H998,2.205227946378442,Gallop,2.2603134758429704,45.03826933877188,2025-02-07 16:37:00
H999,3.4253560307312036,Canter,0.9314813583529082,31.507290294689465,2025-02-07 16:38:00
H1000,2.6690086594369333,Canter,1.8556264006200884,31.047346579686714,2025-02-07 16:39:00
