Horse_ID,Heart_Rate (bpm),Oxygen_Level (%),Fatigue_Level,Timestamp
H001,92,98.15046563430832,Medium,2025-02-07 00:00:00
H002,68,99.14326453059145,High,2025-02-07 00:01:00
H003,106,98.91734780024633,Medium,2025-02-07 00:02:00
H004,60,96.385346248567,Low,2025-02-07 00:03:00
H005,103,99.70440084779602,Low,2025-02-07 00:04:00
H006,94,95.62172920715435,High,2025-02-07 00:05:00
H007,70,99.37566809310576,Medium,2025-02-07 00:06:00
H008,93,99.85470124802309,High,2025-02-07 00:07:00
H009,75,95.88576761611313,Low,2025-02-07 00:08:00
H010,68,98.61033032101892,High,2025-02-07 00:09:00
H011,91,95.20142759388999,Medium,2025-02-07 00:10:00
H012,74,97.02711412569577,High,2025-02-07 00:11:00
H013,71,97.58141649598836,Medium,2025-02-07 00:12:00
H014,92,97.90322612954817,Medium,2025-02-07 00:13:00
H015,104,99.67968624124279,Low,2025-02-07 00:14:00
H016,73,98.36125343647097,Low,2025-02-07 00:15:00
H017,67,97.40638975609619,Low,2025-02-07 00:16:00
H018,67,99.04837518132945,Medium,2025-02-07 00:17:00
H019,86,99.75266410477204,High,2025-02-07 00:18:00
H020,71,95.11033074341145,Medium,2025-02-07 00:19:00
H021,60,99.9126063612802,Low,2025-02-07 00:20:00
H022,102,95.43066069531841,Low,2025-02-07 00:21:00
H023,99,99.07193389634381,High,2025-02-07 00:22:00
H024,101,96.40167376275706,Low,2025-02-07 00:23:00
H025,70,95.66089828876936,Low,2025-02-07 00:24:00
H026,98,97.19927819856917,Low,2025-02-07 00:25:00
H027,102,98.21978289723806,High,2025-02-07 00:26:00
H028,90,96.90475922511737,Medium,2025-02-07 00:27:00
H029,76,95.27282704141349,Low,2025-02-07 00:28:00
H030,92,97.99730569829359,High,2025-02-07 00:29:00
H031,91,99.51201638055338,Low,2025-02-07 00:30:00
H032,88,96.91607682973626,High,2025-02-07 00:31:00
H033,80,96.08166388815414,Low,2025-02-07 00:32:00
H034,80,97.21288672966408,High,2025-02-07 00:33:00
H035,99,95.24181355524391,Low,2025-02-07 00:34:00
H036,82,99.10243792240138,Medium,2025-02-07 00:35:00
H037,65,99.13170405475094,Low,2025-02-07 00:36:00
H038,81,97.94000231714814,High,2025-02-07 00:37:00
H039,109,96.76551444469195,Low,2025-02-07 00:38:00
H040,97,98.99891682222892,Medium,2025-02-07 00:39:00
H041,96,97.77343512394184,Low,2025-02-07 00:40:00
H042,104,99.12966154275009,High,2025-02-07 00:41:00
H043,67,98.1572939629151,High,2025-02-07 00:42:00
H044,100,98.92202736606399,Medium,2025-02-07 00:43:00
H045,108,97.9928149660888,High,2025-02-07 00:44:00
H046,94,97.07070534107834,Low,2025-02-07 00:45:00
H047,70,99.7897292996307,Low,2025-02-07 00:46:00
H048,83,97.70556912439423,Low,2025-02-07 00:47:00
H049,108,98.02544759270269,High,2025-02-07 00:48:00
H050,80,96.10243819707375,Low,2025-02-07 00:49:00
H051,61,98.12825394713639,Low,2025-02-07 00:50:00
H052,99,97.85803824741473,Low,2025-02-07 00:51:00
H053,78,95.92419198973512,Medium,2025-02-07 00:52:00
H054,98,95.29793548676572,High,2025-02-07 00:53:00
H055,87,98.02179659857386,High,2025-02-07 00:54:00
H056,76,98.8184613467516,High,2025-02-07 00:55:00
H057,65,97.61700685461004,Medium,2025-02-07 00:56:00
H058,78,96.13386312659823,High,2025-02-07 00:57:00
H059,97,98.33260988346518,Medium,2025-02-07 00:58:00
H060,87,95.40052863304801,Medium,2025-02-07 00:59:00
H061,61,97.20916852400977,High,2025-02-07 01:00:00
H062,97,95.8168337919921,Low,2025-02-07 01:01:00
H063,96,95.92229525529942,Low,2025-02-07 01:02:00
H064,63,96.01146974579102,High,2025-02-07 01:03:00
H065,81,96.93353528521989,High,2025-02-07 01:04:00
H066,85,95.25575102810198,Medium,2025-02-07 01:05:00
H067,108,96.98896720464549,High,2025-02-07 01:06:00
H068,102,97.55853723557351,Medium,2025-02-07 01:07:00
H069,95,97.41647142483163,High,2025-02-07 01:08:00
H070,72,96.9139205020152,Low,2025-02-07 01:09:00
H071,91,99.19573304035376,Low,2025-02-07 01:10:00
H072,76,95.72663346210253,High,2025-02-07 01:11:00
H073,100,97.52848371890687,Medium,2025-02-07 01:12:00
H074,95,95.31020708478277,Low,2025-02-07 01:13:00
H075,105,95.35577839438955,Medium,2025-02-07 01:14:00
H076,78,97.86932924838548,High,2025-02-07 01:15:00
H077,94,97.8300921244391,High,2025-02-07 01:16:00
H078,105,99.39016756422228,Low,2025-02-07 01:17:00
H079,99,97.78936837830037,High,2025-02-07 01:18:00
H080,87,99.79895510202425,Low,2025-02-07 01:19:00
H081,60,95.24347424199965,Medium,2025-02-07 01:20:00
H082,101,95.49003842390371,Low,2025-02-07 01:21:00
H083,77,95.22032930785191,Low,2025-02-07 01:22:00
H084,107,95.9263842516677,Medium,2025-02-07 01:23:00
H085,99,97.7063505547084,Low,2025-02-07 01:24:00
H086,92,98.22786090713714,Low,2025-02-07 01:25:00
H087,71,95.22792578974334,High,2025-02-07 01:26:00
H088,67,99.729854449228,Medium,2025-02-07 01:27:00
H089,83,99.21082688325191,Low,2025-02-07 01:28:00
H090,75,96.48306241078546,Medium,2025-02-07 01:29:00
H091,109,95.38593765113234,Medium,2025-02-07 01:30:00
H092,63,95.84943536609529,Low,2025-02-07 01:31:00
H093,97,95.63472206877486,High,2025-02-07 01:32:00
H094,103,95.61641889649474,Medium,2025-02-07 01:33:00
H095,86,97.59280844332866,Low,2025-02-07 01:34:00
H096,68,96.229237212467,Medium,2025-02-07 01:35:00
H097,106,96.79069858264572,High,2025-02-07 01:36:00
H098,75,99.94752666692162,High,2025-02-07 01:37:00
H099,71,98.42157124462672,High,2025-02-07 01:38:00
H100,90,99.74490333523501,Low,2025-02-07 01:39:00
H101,83,95.71278277516558,Low,2025-02-07 01:40:00
H102,73,96.91069737416285,High,2025-02-07 01:41:00
H103,104,97.77365901641177,Low,2025-02-07 01:42:00
H104,84,95.3837903094437,High,2025-02-07 01:43:00
H105,93,95.02093721813979,Low,2025-02-07 01:44:00
H106,62,98.35217166898458,High,2025-02-07 01:45:00
H107,83,98.20909758400718,Medium,2025-02-07 01:46:00
H108,101,97.05394404999805,High,2025-02-07 01:47:00
H109,68,97.44822038016017,High,2025-02-07 01:48:00
H110,85,97.07721500296044,Low,2025-02-07 01:49:00
H111,79,95.12002522422445,Low,2025-02-07 01:50:00
H112,99,96.6768580310873,Low,2025-02-07 01:51:00
H113,69,95.88541127698645,Low,2025-02-07 01:52:00
H114,78,95.49212094550684,Low,2025-02-07 01:53:00
H115,62,99.78360216944675,Low,2025-02-07 01:54:00
H116,83,97.99679862521083,Medium,2025-02-07 01:55:00
H117,64,98.64328142118302,High,2025-02-07 01:56:00
H118,62,96.57681871633059,High,2025-02-07 01:57:00
H119,86,96.96573564747007,High,2025-02-07 01:58:00
H120,75,96.18461996948362,Medium,2025-02-07 01:59:00
H121,108,95.48482835482713,High,2025-02-07 02:00:00
H122,74,95.89515818720793,Medium,2025-02-07 02:01:00
H123,94,98.98757022648243,Medium,2025-02-07 02:02:00
H124,71,98.38772902591887,Medium,2025-02-07 02:03:00
H125,100,97.73464437992739,High,2025-02-07 02:04:00
H126,103,97.37544936433385,Medium,2025-02-07 02:05:00
H127,85,99.61217141828062,High,2025-02-07 02:06:00
H128,106,95.36367473889334,High,2025-02-07 02:07:00
H129,93,96.40300406618958,Low,2025-02-07 02:08:00
H130,82,96.74968926785357,Low,2025-02-07 02:09:00
H131,90,98.91212906106394,Medium,2025-02-07 02:10:00
H132,109,99.96257310080986,Medium,2025-02-07 02:11:00
H133,79,96.20335257378576,High,2025-02-07 02:12:00
H134,71,99.3715366706854,Medium,2025-02-07 02:13:00
H135,82,99.15311380215896,Medium,2025-02-07 02:14:00
H136,63,96.12328698820883,High,2025-02-07 02:15:00
H137,82,96.99666290099611,Medium,2025-02-07 02:16:00
H138,107,97.04836434646259,Medium,2025-02-07 02:17:00
H139,107,99.89110334263279,High,2025-02-07 02:18:00
H140,60,95.9044595068945,High,2025-02-07 02:19:00
H141,84,98.99578985552391,Low,2025-02-07 02:20:00
H142,61,96.67096357086555,High,2025-02-07 02:21:00
H143,89,98.6543517288808,Low,2025-02-07 02:22:00
H144,62,97.10005502147831,Medium,2025-02-07 02:23:00
H145,80,97.8917988155827,High,2025-02-07 02:24:00
H146,84,99.16305886663065,High,2025-02-07 02:25:00
H147,79,99.02082782491942,High,2025-02-07 02:26:00
H148,108,99.3321159176985,Medium,2025-02-07 02:27:00
H149,81,95.29808662672329,Low,2025-02-07 02:28:00
H150,80,98.46025276519872,Medium,2025-02-07 02:29:00
H151,92,95.69993688360881,Medium,2025-02-07 02:30:00
H152,97,97.07909284009206,High,2025-02-07 02:31:00
H153,74,97.74294207527345,Low,2025-02-07 02:32:00
H154,105,97.01369742373416,Medium,2025-02-07 02:33:00
H155,74,97.59805837901504,High,2025-02-07 02:34:00
H156,105,99.9826315439931,Medium,2025-02-07 02:35:00
H157,84,95.67608656856427,Medium,2025-02-07 02:36:00
H158,80,98.37728022668213,High,2025-02-07 02:37:00
H159,83,96.98000483192807,High,2025-02-07 02:38:00
H160,64,95.66504899453665,Low,2025-02-07 02:39:00
H161,65,95.79368381687155,Medium,2025-02-07 02:40:00
H162,108,99.74636553122808,High,2025-02-07 02:41:00
H163,102,99.39800748355881,High,2025-02-07 02:42:00
H164,107,99.53520980207512,Low,2025-02-07 02:43:00
H165,103,99.95766387913693,Low,2025-02-07 02:44:00
H166,106,96.0415769500426,High,2025-02-07 02:45:00
H167,82,96.7771966868203,Low,2025-02-07 02:46:00
H168,63,98.34609514962433,High,2025-02-07 02:47:00
H169,86,97.41901269930324,Medium,2025-02-07 02:48:00
H170,77,97.09194766689167,Low,2025-02-07 02:49:00
H171,80,96.78905624667796,Medium,2025-02-07 02:50:00
H172,87,97.96890315971726,Medium,2025-02-07 02:51:00
H173,94,97.87796714320041,Medium,2025-02-07 02:52:00
H174,81,95.8072891703212,High,2025-02-07 02:53:00
H175,99,97.3586991875922,Medium,2025-02-07 02:54:00
H176,82,97.76735888104925,Medium,2025-02-07 02:55:00
H177,62,97.85143469365696,Medium,2025-02-07 02:56:00
H178,99,96.05053596456176,High,2025-02-07 02:57:00
H179,109,98.71135696126143,Medium,2025-02-07 02:58:00
H180,69,95.12599547410535,Medium,2025-02-07 02:59:00
H181,84,96.77415927771581,Low,2025-02-07 03:00:00
H182,108,98.90106324267816,High,2025-02-07 03:01:00
H183,67,97.819464605277,Medium,2025-02-07 03:02:00
H184,70,96.3058121625543,Low,2025-02-07 03:03:00
H185,64,98.47476559671524,High,2025-02-07 03:04:00
H186,104,97.83695472078037,High,2025-02-07 03:05:00
H187,96,98.98121804728194,High,2025-02-07 03:06:00
H188,104,98.67512593094912,High,2025-02-07 03:07:00
H189,97,98.05053961018118,High,2025-02-07 03:08:00
H190,88,97.44088837655407,High,2025-02-07 03:09:00
H191,64,95.66591062833761,Medium,2025-02-07 03:10:00
H192,68,96.30666508942691,Medium,2025-02-07 03:11:00
H193,107,97.09549736458543,Medium,2025-02-07 03:12:00
H194,61,97.99649643503194,Medium,2025-02-07 03:13:00
H195,60,97.56853927607652,Low,2025-02-07 03:14:00
H196,99,96.44092262979765,Medium,2025-02-07 03:15:00
H197,89,95.03232178894855,High,2025-02-07 03:16:00
H198,70,97.48119610950407,Medium,2025-02-07 03:17:00
H199,87,96.42812994281121,Medium,2025-02-07 03:18:00
H200,103,98.67304150355268,High,2025-02-07 03:19:00
H201,71,95.11973132635242,Medium,2025-02-07 03:20:00
H202,98,97.92413905652896,Medium,2025-02-07 03:21:00
H203,85,99.70737118753033,Medium,2025-02-07 03:22:00
H204,72,95.8720463355575,Low,2025-02-07 03:23:00
H205,67,97.35824745375298,Medium,2025-02-07 03:24:00
H206,87,95.45710995908568,High,2025-02-07 03:25:00
H207,89,98.12840956130677,High,2025-02-07 03:26:00
H208,68,97.75265840298113,Medium,2025-02-07 03:27:00
H209,98,97.03682762106416,Medium,2025-02-07 03:28:00
H210,90,97.60688510736871,Medium,2025-02-07 03:29:00
H211,80,99.48287329234505,High,2025-02-07 03:30:00
H212,106,95.98147151155534,High,2025-02-07 03:31:00
H213,93,95.11282255852673,Low,2025-02-07 03:32:00
H214,90,99.3083244234955,Low,2025-02-07 03:33:00
H215,84,97.88558541193953,Low,2025-02-07 03:34:00
H216,71,99.45329227730922,High,2025-02-07 03:35:00
H217,60,97.98472611706586,Low,2025-02-07 03:36:00
H218,81,99.05080544979852,Medium,2025-02-07 03:37:00
H219,99,97.14836681677573,Medium,2025-02-07 03:38:00
H220,96,98.74929965644134,High,2025-02-07 03:39:00
H221,106,99.56520733444928,Low,2025-02-07 03:40:00
H222,60,97.86061481861103,Medium,2025-02-07 03:41:00
H223,60,95.9039257528119,High,2025-02-07 03:42:00
H224,101,96.34398807515099,Low,2025-02-07 03:43:00
H225,101,95.99322288448703,Medium,2025-02-07 03:44:00
H226,80,96.23428513797866,Low,2025-02-07 03:45:00
H227,74,96.53207724675518,High,2025-02-07 03:46:00
H228,76,97.77566893376594,Low,2025-02-07 03:47:00
H229,81,97.93995814731916,High,2025-02-07 03:48:00
H230,97,97.1324987362093,Low,2025-02-07 03:49:00
H231,94,98.07710389910417,Medium,2025-02-07 03:50:00
H232,104,95.40787462805683,High,2025-02-07 03:51:00
H233,75,95.4389411852908,High,2025-02-07 03:52:00
H234,67,95.8591473017883,High,2025-02-07 03:53:00
H235,106,97.59038749020172,Low,2025-02-07 03:54:00
H236,76,96.06997339349157,Low,2025-02-07 03:55:00
H237,76,96.41642201746289,Medium,2025-02-07 03:56:00
H238,85,97.00156418086497,High,2025-02-07 03:57:00
H239,72,99.0593306200519,High,2025-02-07 03:58:00
H240,76,95.0693106795643,Low,2025-02-07 03:59:00
H241,97,98.24689410118312,Low,2025-02-07 04:00:00
H242,76,98.34438265520343,Medium,2025-02-07 04:01:00
H243,107,98.99327890178319,Medium,2025-02-07 04:02:00
H244,73,99.66376469530157,Low,2025-02-07 04:03:00
H245,104,95.10068924474645,High,2025-02-07 04:04:00
H246,65,95.76891852756609,Medium,2025-02-07 04:05:00
H247,94,99.43085647027996,Low,2025-02-07 04:06:00
H248,105,97.29259281093508,Low,2025-02-07 04:07:00
H249,73,97.82295319466732,High,2025-02-07 04:08:00
H250,106,98.31513601861573,Low,2025-02-07 04:09:00
H251,67,98.39533302247818,Low,2025-02-07 04:10:00
H252,74,99.65870201658254,Medium,2025-02-07 04:11:00
H253,86,99.98474708705835,Low,2025-02-07 04:12:00
H254,72,98.6007873046547,Low,2025-02-07 04:13:00
H255,108,96.43610604602576,Medium,2025-02-07 04:14:00
H256,90,99.39876201147172,High,2025-02-07 04:15:00
H257,94,95.24610457270381,High,2025-02-07 04:16:00
H258,65,96.15540426437248,Medium,2025-02-07 04:17:00
H259,64,99.48692858731857,Medium,2025-02-07 04:18:00
H260,81,96.28095757219677,High,2025-02-07 04:19:00
H261,108,96.10325529810875,High,2025-02-07 04:20:00
H262,82,95.69062646570124,High,2025-02-07 04:21:00
H263,84,99.29555878823459,High,2025-02-07 04:22:00
H264,93,97.50029129595544,High,2025-02-07 04:23:00
H265,85,98.37446601527077,Medium,2025-02-07 04:24:00
H266,106,96.19533192037515,Low,2025-02-07 04:25:00
H267,64,98.79020210505608,High,2025-02-07 04:26:00
H268,85,98.80002772481049,High,2025-02-07 04:27:00
H269,79,96.5629901245415,Low,2025-02-07 04:28:00
H270,65,97.05341316505141,Low,2025-02-07 04:29:00
H271,65,96.048451387151,Low,2025-02-07 04:30:00
H272,109,99.88280511661452,Low,2025-02-07 04:31:00
H273,77,98.22801288529206,Low,2025-02-07 04:32:00
H274,63,99.67271940357757,Low,2025-02-07 04:33:00
H275,76,96.51692771814567,Medium,2025-02-07 04:34:00
H276,73,98.90945456498444,Low,2025-02-07 04:35:00
H277,73,98.8292932194237,Low,2025-02-07 04:36:00
H278,72,98.4582782593327,Medium,2025-02-07 04:37:00
H279,66,99.82819487633401,Low,2025-02-07 04:38:00
H280,103,96.96777668053157,High,2025-02-07 04:39:00
H281,74,95.65358661794879,High,2025-02-07 04:40:00
H282,78,98.3585442962203,Low,2025-02-07 04:41:00
H283,102,98.64654900238602,Medium,2025-02-07 04:42:00
H284,106,97.87530286729407,High,2025-02-07 04:43:00
H285,103,96.03408946566698,Medium,2025-02-07 04:44:00
H286,94,97.52227970834677,High,2025-02-07 04:45:00
H287,76,96.56094868284565,Low,2025-02-07 04:46:00
H288,94,97.13733264083345,Medium,2025-02-07 04:47:00
H289,78,98.22609287922332,Medium,2025-02-07 04:48:00
H290,79,98.72607371345417,Medium,2025-02-07 04:49:00
H291,95,96.16112345450672,High,2025-02-07 04:50:00
H292,94,97.02662680323476,High,2025-02-07 04:51:00
H293,91,96.34580785495814,High,2025-02-07 04:52:00
H294,107,95.99315806930935,Low,2025-02-07 04:53:00
H295,103,98.9169360999792,High,2025-02-07 04:54:00
H296,99,99.54626347218496,Low,2025-02-07 04:55:00
H297,83,96.85116092842289,Medium,2025-02-07 04:56:00
H298,76,98.75639462186884,Medium,2025-02-07 04:57:00
H299,66,99.48497644682206,Low,2025-02-07 04:58:00
H300,102,99.23062105265116,High,2025-02-07 04:59:00
H301,109,95.91406694269612,Low,2025-02-07 05:00:00
H302,60,99.78145940756681,Medium,2025-02-07 05:01:00
H303,94,96.88338220214732,Medium,2025-02-07 05:02:00
H304,91,96.69620330586918,Low,2025-02-07 05:03:00
H305,95,95.3121566363889,High,2025-02-07 05:04:00
H306,72,97.43086827052441,High,2025-02-07 05:05:00
H307,65,95.54506807820465,Low,2025-02-07 05:06:00
H308,73,96.24269910463713,Low,2025-02-07 05:07:00
H309,96,96.58471310883641,High,2025-02-07 05:08:00
H310,107,99.04413161745842,Medium,2025-02-07 05:09:00
H311,74,99.37744325197949,Low,2025-02-07 05:10:00
H312,106,96.51233158730734,High,2025-02-07 05:11:00
H313,63,99.29349060622287,High,2025-02-07 05:12:00
H314,99,99.28615468684896,Medium,2025-02-07 05:13:00
H315,75,98.82325475192437,Medium,2025-02-07 05:14:00
H316,87,95.73347557007591,Medium,2025-02-07 05:15:00
H317,75,98.45161423450365,Medium,2025-02-07 05:16:00
H318,63,99.72512032290284,Medium,2025-02-07 05:17:00
H319,104,98.41270239383579,Low,2025-02-07 05:18:00
H320,85,96.65808424553917,High,2025-02-07 05:19:00
H321,87,97.50289658715415,Low,2025-02-07 05:20:00
H322,91,98.22862521675526,Low,2025-02-07 05:21:00
H323,104,97.55285204364252,Low,2025-02-07 05:22:00
H324,61,95.59976470865485,Low,2025-02-07 05:23:00
H325,90,96.5603202232601,Low,2025-02-07 05:24:00
H326,62,99.01198015276816,Medium,2025-02-07 05:25:00
H327,67,99.30709023047758,Medium,2025-02-07 05:26:00
H328,83,95.68650016357785,High,2025-02-07 05:27:00
H329,74,99.76193376199362,Low,2025-02-07 05:28:00
H330,102,96.64411308924305,High,2025-02-07 05:29:00
H331,90,98.3115686936536,Medium,2025-02-07 05:30:00
H332,68,98.7591257297834,Medium,2025-02-07 05:31:00
H333,98,99.05973117318942,Medium,2025-02-07 05:32:00
H334,104,99.72874851112965,Low,2025-02-07 05:33:00
H335,61,96.56459774014411,Low,2025-02-07 05:34:00
H336,67,99.29253227275777,Medium,2025-02-07 05:35:00
H337,66,95.65843451718104,High,2025-02-07 05:36:00
H338,103,98.52520453176797,High,2025-02-07 05:37:00
H339,98,98.70988864756993,Medium,2025-02-07 05:38:00
H340,101,98.3886162060066,High,2025-02-07 05:39:00
H341,75,96.26157368067577,Medium,2025-02-07 05:40:00
H342,94,99.36521573507602,High,2025-02-07 05:41:00
H343,89,95.84429231685198,Medium,2025-02-07 05:42:00
H344,69,95.26817395760415,High,2025-02-07 05:43:00
H345,97,98.58732495305956,Low,2025-02-07 05:44:00
H346,77,97.37737857616366,Medium,2025-02-07 05:45:00
H347,109,99.24549009979339,Medium,2025-02-07 05:46:00
H348,64,96.9169857052913,High,2025-02-07 05:47:00
H349,88,95.84139294253856,Medium,2025-02-07 05:48:00
H350,98,99.18221096234934,Medium,2025-02-07 05:49:00
H351,93,97.74454815820036,Medium,2025-02-07 05:50:00
H352,102,95.94597896195178,Low,2025-02-07 05:51:00
H353,104,98.60191999293222,Low,2025-02-07 05:52:00
H354,82,97.55556819244751,High,2025-02-07 05:53:00
H355,64,98.0215649112016,Low,2025-02-07 05:54:00
H356,89,97.30449169103291,High,2025-02-07 05:55:00
H357,65,99.14354491909003,Low,2025-02-07 05:56:00
H358,105,99.14781357841525,High,2025-02-07 05:57:00
H359,103,98.54694410912194,Low,2025-02-07 05:58:00
H360,63,95.5270068869823,Low,2025-02-07 05:59:00
H361,88,99.19426930952034,High,2025-02-07 06:00:00
H362,82,98.35506490266455,Medium,2025-02-07 06:01:00
H363,65,98.4851208300215,Medium,2025-02-07 06:02:00
H364,91,96.81491420201935,Low,2025-02-07 06:03:00
H365,101,99.39639778078504,High,2025-02-07 06:04:00
H366,77,98.62685800117428,Medium,2025-02-07 06:05:00
H367,74,95.56295233264598,High,2025-02-07 06:06:00
H368,99,97.03889017203082,Medium,2025-02-07 06:07:00
H369,91,99.4319018098007,High,2025-02-07 06:08:00
H370,68,95.2359835084869,Low,2025-02-07 06:09:00
H371,96,99.80708309821024,High,2025-02-07 06:10:00
H372,69,98.39581284159782,Medium,2025-02-07 06:11:00
H373,79,98.15687988821688,Low,2025-02-07 06:12:00
H374,65,96.35279628243995,High,2025-02-07 06:13:00
H375,107,96.24395894369589,Medium,2025-02-07 06:14:00
H376,62,99.71029109744298,Low,2025-02-07 06:15:00
H377,101,96.49136227117062,High,2025-02-07 06:16:00
H378,70,98.87752648359499,Medium,2025-02-07 06:17:00
H379,102,96.9656089910354,High,2025-02-07 06:18:00
H380,76,95.69627035392352,High,2025-02-07 06:19:00
H381,91,95.05357648847679,Low,2025-02-07 06:20:00
H382,63,97.72128668507625,Low,2025-02-07 06:21:00
H383,63,99.87889409274466,Medium,2025-02-07 06:22:00
H384,76,96.84568096904603,Low,2025-02-07 06:23:00
H385,100,96.78596166996522,Medium,2025-02-07 06:24:00
H386,78,96.72045808924722,High,2025-02-07 06:25:00
H387,64,97.6027191865243,High,2025-02-07 06:26:00
H388,91,97.20332441712146,Medium,2025-02-07 06:27:00
H389,81,99.39957313363507,High,2025-02-07 06:28:00
H390,65,97.52760395861745,Low,2025-02-07 06:29:00
H391,94,97.53878919094285,High,2025-02-07 06:30:00
H392,81,95.69185797360278,Low,2025-02-07 06:31:00
H393,60,99.91369770455194,Medium,2025-02-07 06:32:00
H394,79,96.24986445434415,Medium,2025-02-07 06:33:00
H395,81,95.36682033729801,High,2025-02-07 06:34:00
H396,107,98.31573124487605,High,2025-02-07 06:35:00
H397,70,97.97683185078436,Low,2025-02-07 06:36:00
H398,72,97.07572826996373,Low,2025-02-07 06:37:00
H399,101,97.1109611694034,High,2025-02-07 06:38:00
H400,62,98.92531960523216,High,2025-02-07 06:39:00
H401,68,95.97856320049824,Medium,2025-02-07 06:40:00
H402,71,99.10126659472445,Medium,2025-02-07 06:41:00
H403,82,98.24373556947509,Medium,2025-02-07 06:42:00
H404,73,97.09484886889763,High,2025-02-07 06:43:00
H405,92,97.29014308291934,High,2025-02-07 06:44:00
H406,77,96.28323603593049,High,2025-02-07 06:45:00
H407,108,98.76057166348487,Medium,2025-02-07 06:46:00
H408,100,97.56437371152634,High,2025-02-07 06:47:00
H409,68,96.60427271374922,Low,2025-02-07 06:48:00
H410,82,97.98025057880476,High,2025-02-07 06:49:00
H411,69,99.97867226025662,High,2025-02-07 06:50:00
H412,78,97.17631139828276,High,2025-02-07 06:51:00
H413,106,99.6034570038931,High,2025-02-07 06:52:00
H414,64,96.72508419962283,High,2025-02-07 06:53:00
H415,106,95.27366353462493,Low,2025-02-07 06:54:00
H416,82,96.02121053184214,Low,2025-02-07 06:55:00
H417,89,97.09347571663842,High,2025-02-07 06:56:00
H418,84,96.09817464297285,Medium,2025-02-07 06:57:00
H419,87,95.00113519109128,High,2025-02-07 06:58:00
H420,93,99.57500768873764,High,2025-02-07 06:59:00
H421,104,99.21939705615465,High,2025-02-07 07:00:00
H422,107,98.71146115743474,Medium,2025-02-07 07:01:00
H423,106,95.83907297823015,Medium,2025-02-07 07:02:00
H424,84,95.60181788104993,Medium,2025-02-07 07:03:00
H425,69,95.33802374736192,Low,2025-02-07 07:04:00
H426,73,98.6201459438646,Medium,2025-02-07 07:05:00
H427,101,99.64403980343943,Low,2025-02-07 07:06:00
H428,105,97.15267910456518,Low,2025-02-07 07:07:00
H429,89,95.59570335998023,Medium,2025-02-07 07:08:00
H430,100,97.56196410366053,Medium,2025-02-07 07:09:00
H431,84,96.74415953729316,Medium,2025-02-07 07:10:00
H432,73,96.87412462174998,Low,2025-02-07 07:11:00
H433,94,98.10665312077853,High,2025-02-07 07:12:00
H434,107,98.59359056631101,Medium,2025-02-07 07:13:00
H435,93,95.5530179943658,Medium,2025-02-07 07:14:00
H436,69,95.17795115403239,Medium,2025-02-07 07:15:00
H437,94,99.97165151342857,Low,2025-02-07 07:16:00
H438,70,96.16364174457776,Low,2025-02-07 07:17:00
H439,70,95.2691526245423,High,2025-02-07 07:18:00
H440,80,95.9493766454796,Medium,2025-02-07 07:19:00
H441,80,95.19478923174232,Low,2025-02-07 07:20:00
H442,81,96.95905447308586,High,2025-02-07 07:21:00
H443,104,99.01200892225663,Medium,2025-02-07 07:22:00
H444,66,96.7062222487886,Low,2025-02-07 07:23:00
H445,76,97.22091703439183,Medium,2025-02-07 07:24:00
H446,61,98.3779338678372,Medium,2025-02-07 07:25:00
H447,71,97.5444703503494,Low,2025-02-07 07:26:00
H448,101,99.30722843010662,Low,2025-02-07 07:27:00
H449,77,99.33017837522878,Low,2025-02-07 07:28:00
H450,70,95.04955347745577,Medium,2025-02-07 07:29:00
H451,75,98.890231532416,Medium,2025-02-07 07:30:00
H452,108,97.30366800120837,High,2025-02-07 07:31:00
H453,77,99.94420270651831,Medium,2025-02-07 07:32:00
H454,94,97.41616037937717,Low,2025-02-07 07:33:00
H455,85,99.93447972694149,Medium,2025-02-07 07:34:00
H456,75,98.77284680602868,High,2025-02-07 07:35:00
H457,65,96.24302442306653,High,2025-02-07 07:36:00
H458,103,97.69197489643479,Low,2025-02-07 07:37:00
H459,102,99.96067819739291,Low,2025-02-07 07:38:00
H460,106,99.28765303875961,High,2025-02-07 07:39:00
H461,106,95.4868344689561,High,2025-02-07 07:40:00
H462,107,98.53185998404999,High,2025-02-07 07:41:00
H463,101,96.72789792935407,Low,2025-02-07 07:42:00
H464,71,95.03491130940174,High,2025-02-07 07:43:00
H465,72,97.017404845135,High,2025-02-07 07:44:00
H466,63,96.17377210862486,Low,2025-02-07 07:45:00
H467,98,99.09434635260236,Medium,2025-02-07 07:46:00
H468,61,96.68665304422883,Medium,2025-02-07 07:47:00
H469,85,99.13761846976908,High,2025-02-07 07:48:00
H470,86,95.00298969417398,Medium,2025-02-07 07:49:00
H471,86,96.5390957501306,Medium,2025-02-07 07:50:00
H472,74,96.20582607153881,Medium,2025-02-07 07:51:00
H473,67,96.16783680534306,Medium,2025-02-07 07:52:00
H474,66,95.3409330988273,High,2025-02-07 07:53:00
H475,106,95.93562135205251,Medium,2025-02-07 07:54:00
H476,105,97.7777478494281,Medium,2025-02-07 07:55:00
H477,99,96.45680536418872,Low,2025-02-07 07:56:00
H478,71,97.08697391164574,High,2025-02-07 07:57:00
H479,72,96.88433440173594,Low,2025-02-07 07:58:00
H480,102,99.37952462499948,Low,2025-02-07 07:59:00
H481,76,99.52649499505257,High,2025-02-07 08:00:00
H482,76,97.4647848582793,Medium,2025-02-07 08:01:00
H483,95,96.65077975157803,Low,2025-02-07 08:02:00
H484,80,95.53400352001182,High,2025-02-07 08:03:00
H485,67,99.76701439691047,Medium,2025-02-07 08:04:00
H486,64,95.30113472450148,High,2025-02-07 08:05:00
H487,85,96.4882513878414,Low,2025-02-07 08:06:00
H488,75,96.49033100585002,Medium,2025-02-07 08:07:00
H489,95,96.60200643070108,Medium,2025-02-07 08:08:00
H490,87,95.82143421636205,High,2025-02-07 08:09:00
H491,88,98.91580715461849,Medium,2025-02-07 08:10:00
H492,106,95.61248930982994,Low,2025-02-07 08:11:00
H493,71,98.17453329576581,Low,2025-02-07 08:12:00
H494,96,95.61923013352909,Low,2025-02-07 08:13:00
H495,89,95.35267818796478,High,2025-02-07 08:14:00
H496,82,99.54714751842938,Medium,2025-02-07 08:15:00
H497,75,95.95064383159352,Medium,2025-02-07 08:16:00
H498,73,99.10625077279852,Medium,2025-02-07 08:17:00
H499,69,97.72315435553568,Low,2025-02-07 08:18:00
H500,66,95.38928259804385,Medium,2025-02-07 08:19:00
H501,104,99.77724095719034,Low,2025-02-07 08:20:00
H502,96,96.23480583495946,Medium,2025-02-07 08:21:00
H503,88,99.29822672676303,Low,2025-02-07 08:22:00
H504,62,95.84405002892282,Medium,2025-02-07 08:23:00
H505,74,99.26971441070927,High,2025-02-07 08:24:00
H506,95,95.06614406452647,High,2025-02-07 08:25:00
H507,106,97.5589022828474,Low,2025-02-07 08:26:00
H508,105,98.84721289710778,Low,2025-02-07 08:27:00
H509,78,99.67397758746392,Medium,2025-02-07 08:28:00
H510,72,99.54601068103244,Medium,2025-02-07 08:29:00
H511,101,99.09812434773822,High,2025-02-07 08:30:00
H512,80,99.44095674830652,Medium,2025-02-07 08:31:00
H513,96,95.99609842918538,Low,2025-02-07 08:32:00
H514,86,96.42092147855864,Low,2025-02-07 08:33:00
H515,88,96.44484262460529,Low,2025-02-07 08:34:00
H516,79,96.8852696550085,Low,2025-02-07 08:35:00
H517,84,96.96660335192594,Low,2025-02-07 08:36:00
H518,65,97.72277662327338,High,2025-02-07 08:37:00
H519,95,95.79939881683221,High,2025-02-07 08:38:00
H520,61,98.45623331892995,Low,2025-02-07 08:39:00
H521,81,95.83783269652253,Medium,2025-02-07 08:40:00
H522,91,96.55154241052274,Low,2025-02-07 08:41:00
H523,75,97.51672565303078,High,2025-02-07 08:42:00
H524,77,98.98220280761738,Low,2025-02-07 08:43:00
H525,64,98.69734616619364,High,2025-02-07 08:44:00
H526,95,98.22767178205261,High,2025-02-07 08:45:00
H527,89,95.77886630290085,Low,2025-02-07 08:46:00
H528,104,97.73522672807789,Low,2025-02-07 08:47:00
H529,78,95.43723250899943,Medium,2025-02-07 08:48:00
H530,82,96.88681588398326,High,2025-02-07 08:49:00
H531,93,97.0675826514498,Medium,2025-02-07 08:50:00
H532,72,95.19905719722877,Low,2025-02-07 08:51:00
H533,102,96.36994049734986,High,2025-02-07 08:52:00
H534,88,99.77824733633244,Medium,2025-02-07 08:53:00
H535,95,99.76816303914845,Medium,2025-02-07 08:54:00
H536,81,96.76163527126269,Medium,2025-02-07 08:55:00
H537,106,95.21550054474162,Low,2025-02-07 08:56:00
H538,95,95.8954746966409,Low,2025-02-07 08:57:00
H539,68,96.9610889671677,Low,2025-02-07 08:58:00
H540,98,99.73889848984615,High,2025-02-07 08:59:00
H541,78,95.70599531768592,Low,2025-02-07 09:00:00
H542,97,98.81757921834107,High,2025-02-07 09:01:00
H543,65,95.54341269687346,Medium,2025-02-07 09:02:00
H544,106,99.90628788695639,Medium,2025-02-07 09:03:00
H545,74,96.90808249554567,Low,2025-02-07 09:04:00
H546,79,98.87617269449528,Medium,2025-02-07 09:05:00
H547,68,96.71295541405566,Low,2025-02-07 09:06:00
H548,91,98.13834438579404,High,2025-02-07 09:07:00
H549,63,95.96008042370018,Medium,2025-02-07 09:08:00
H550,109,95.7301050964848,Low,2025-02-07 09:09:00
H551,77,99.69032069784066,Medium,2025-02-07 09:10:00
H552,64,99.58823638952217,Medium,2025-02-07 09:11:00
H553,79,99.4373447010644,Low,2025-02-07 09:12:00
H554,82,98.12716725083297,Medium,2025-02-07 09:13:00
H555,70,99.0413410560814,Medium,2025-02-07 09:14:00
H556,96,95.34518468455687,Medium,2025-02-07 09:15:00
H557,81,96.6739452094534,Medium,2025-02-07 09:16:00
H558,63,96.56851562378579,High,2025-02-07 09:17:00
H559,88,98.17822660976307,Medium,2025-02-07 09:18:00
H560,103,96.7797888673532,Medium,2025-02-07 09:19:00
H561,93,95.7425339082184,Low,2025-02-07 09:20:00
H562,72,97.98233537706771,High,2025-02-07 09:21:00
H563,101,99.0719196033454,Low,2025-02-07 09:22:00
H564,68,96.91061747229986,Low,2025-02-07 09:23:00
H565,101,95.66134357549241,Low,2025-02-07 09:24:00
H566,90,95.98344098656412,High,2025-02-07 09:25:00
H567,66,96.18741652584691,Low,2025-02-07 09:26:00
H568,63,96.49948796497269,Low,2025-02-07 09:27:00
H569,78,98.21397535253155,Low,2025-02-07 09:28:00
H570,101,98.00472742268859,Medium,2025-02-07 09:29:00
H571,89,98.4803993078352,Low,2025-02-07 09:30:00
H572,90,96.81250992265757,High,2025-02-07 09:31:00
H573,94,99.11998825939989,High,2025-02-07 09:32:00
H574,80,96.0204383057788,Medium,2025-02-07 09:33:00
H575,90,97.34520373759077,High,2025-02-07 09:34:00
H576,78,99.00469360770715,High,2025-02-07 09:35:00
H577,90,95.9007932386631,Medium,2025-02-07 09:36:00
H578,91,95.54931556870392,Low,2025-02-07 09:37:00
H579,61,99.41841983843995,Medium,2025-02-07 09:38:00
H580,69,96.71464831379598,Low,2025-02-07 09:39:00
H581,61,98.41935062454516,Low,2025-02-07 09:40:00
H582,61,95.1267430213197,High,2025-02-07 09:41:00
H583,83,98.45023444204725,Medium,2025-02-07 09:42:00
H584,76,96.58050655773485,High,2025-02-07 09:43:00
H585,91,95.27870426793721,High,2025-02-07 09:44:00
H586,75,98.04906380774058,Low,2025-02-07 09:45:00
H587,75,96.20401908036587,High,2025-02-07 09:46:00
H588,105,96.93403621025939,Medium,2025-02-07 09:47:00
H589,98,95.40290406143257,High,2025-02-07 09:48:00
H590,90,95.73581625547473,High,2025-02-07 09:49:00
H591,102,96.48988617747922,Low,2025-02-07 09:50:00
H592,83,95.44879750280079,Medium,2025-02-07 09:51:00
H593,60,99.55413132343158,High,2025-02-07 09:52:00
H594,70,95.03023521591989,Low,2025-02-07 09:53:00
H595,80,97.41930109432155,High,2025-02-07 09:54:00
H596,63,95.61623729066275,Medium,2025-02-07 09:55:00
H597,66,96.53839544738975,High,2025-02-07 09:56:00
H598,85,99.63029779909132,High,2025-02-07 09:57:00
H599,106,95.80847276636993,Low,2025-02-07 09:58:00
H600,109,99.82916159859167,High,2025-02-07 09:59:00
H601,71,96.02897188494711,Low,2025-02-07 10:00:00
H602,90,98.70783054233415,Medium,2025-02-07 10:01:00
H603,76,97.73338632448656,High,2025-02-07 10:02:00
H604,92,99.4223936379838,Medium,2025-02-07 10:03:00
H605,70,97.76996627751565,Medium,2025-02-07 10:04:00
H606,87,97.67279609578155,High,2025-02-07 10:05:00
H607,91,95.977290001842,Low,2025-02-07 10:06:00
H608,60,95.83114681025829,Medium,2025-02-07 10:07:00
H609,106,99.58244575557757,Medium,2025-02-07 10:08:00
H610,87,96.63919099425017,High,2025-02-07 10:09:00
H611,101,96.86041127481448,High,2025-02-07 10:10:00
H612,66,98.79911829214194,High,2025-02-07 10:11:00
H613,61,96.69411741211404,High,2025-02-07 10:12:00
H614,101,99.76031223319501,High,2025-02-07 10:13:00
H615,83,98.68963884499401,High,2025-02-07 10:14:00
H616,63,97.9871462128671,Low,2025-02-07 10:15:00
H617,103,99.40447580272377,Medium,2025-02-07 10:16:00
H618,78,95.24802954174741,Low,2025-02-07 10:17:00
H619,85,96.28531346094604,Low,2025-02-07 10:18:00
H620,70,97.32518167110454,High,2025-02-07 10:19:00
H621,99,96.1348926973576,Medium,2025-02-07 10:20:00
H622,109,98.71952593651076,Low,2025-02-07 10:21:00
H623,102,99.59604015526862,High,2025-02-07 10:22:00
H624,70,97.11885059965462,High,2025-02-07 10:23:00
H625,104,96.71066300055948,Medium,2025-02-07 10:24:00
H626,62,99.80775366068784,Low,2025-02-07 10:25:00
H627,71,97.2242621641377,Low,2025-02-07 10:26:00
H628,62,97.44524200224642,Low,2025-02-07 10:27:00
H629,101,96.75824936170953,High,2025-02-07 10:28:00
H630,86,99.54774236506069,Medium,2025-02-07 10:29:00
H631,108,97.84477741640926,Medium,2025-02-07 10:30:00
H632,61,98.81087293590822,Low,2025-02-07 10:31:00
H633,108,99.05903359175443,High,2025-02-07 10:32:00
H634,75,96.70924520958629,Low,2025-02-07 10:33:00
H635,61,97.1684716566019,Medium,2025-02-07 10:34:00
H636,89,99.24235887203132,High,2025-02-07 10:35:00
H637,79,96.81627675837905,Low,2025-02-07 10:36:00
H638,97,98.96967566725925,Low,2025-02-07 10:37:00
H639,87,99.70496161287218,High,2025-02-07 10:38:00
H640,84,98.11605186534004,Medium,2025-02-07 10:39:00
H641,91,98.70813643725944,High,2025-02-07 10:40:00
H642,69,99.02548656020568,Low,2025-02-07 10:41:00
H643,101,99.22519824448321,Low,2025-02-07 10:42:00
H644,99,96.97526668928398,Low,2025-02-07 10:43:00
H645,92,95.25631729588,Low,2025-02-07 10:44:00
H646,72,97.0093813561837,Medium,2025-02-07 10:45:00
H647,100,98.36878114892045,Medium,2025-02-07 10:46:00
H648,101,97.25175192890396,Low,2025-02-07 10:47:00
H649,106,98.744815754302,Medium,2025-02-07 10:48:00
H650,96,96.78491214734332,Medium,2025-02-07 10:49:00
H651,75,98.17372070552015,Medium,2025-02-07 10:50:00
H652,104,95.93209902426987,Low,2025-02-07 10:51:00
H653,81,98.74684718322479,High,2025-02-07 10:52:00
H654,79,97.72847984406513,High,2025-02-07 10:53:00
H655,109,96.020321942733,High,2025-02-07 10:54:00
H656,102,96.45955586748903,Low,2025-02-07 10:55:00
H657,86,98.74304354290916,Medium,2025-02-07 10:56:00
H658,100,97.4130061783076,Medium,2025-02-07 10:57:00
H659,75,96.08015720196536,Low,2025-02-07 10:58:00
H660,93,99.83635595185149,Low,2025-02-07 10:59:00
H661,91,98.57562509908443,High,2025-02-07 11:00:00
H662,85,99.78567416269898,High,2025-02-07 11:01:00
H663,84,97.13552522680172,Low,2025-02-07 11:02:00
H664,61,97.3755017034586,High,2025-02-07 11:03:00
H665,71,99.4897760809251,Medium,2025-02-07 11:04:00
H666,99,97.62524670122693,Low,2025-02-07 11:05:00
H667,68,98.53639455952833,Low,2025-02-07 11:06:00
H668,71,96.26086438747765,Medium,2025-02-07 11:07:00
H669,85,97.23363234351321,Medium,2025-02-07 11:08:00
H670,68,95.61724932905177,Medium,2025-02-07 11:09:00
H671,69,96.02990017938481,High,2025-02-07 11:10:00
H672,91,95.00471707633815,Low,2025-02-07 11:11:00
H673,93,95.1963252582433,High,2025-02-07 11:12:00
H674,107,99.88641911588465,Medium,2025-02-07 11:13:00
H675,79,96.21176847568381,High,2025-02-07 11:14:00
H676,98,98.31655354752002,Medium,2025-02-07 11:15:00
H677,61,99.19549849399806,High,2025-02-07 11:16:00
H678,60,97.75330229618282,High,2025-02-07 11:17:00
H679,95,95.76572250041978,Medium,2025-02-07 11:18:00
H680,83,98.64058218668083,High,2025-02-07 11:19:00
H681,86,98.00125705049791,Low,2025-02-07 11:20:00
H682,61,98.65625294673687,High,2025-02-07 11:21:00
H683,90,98.84873311428544,High,2025-02-07 11:22:00
H684,73,99.87705183842372,Low,2025-02-07 11:23:00
H685,61,97.86781640013355,Medium,2025-02-07 11:24:00
H686,88,96.708205563453,Low,2025-02-07 11:25:00
H687,74,98.24232278450118,High,2025-02-07 11:26:00
H688,71,95.34220354621313,Medium,2025-02-07 11:27:00
H689,96,99.48698659160793,High,2025-02-07 11:28:00
H690,87,95.59690505669099,High,2025-02-07 11:29:00
H691,79,96.6392141894291,Low,2025-02-07 11:30:00
H692,98,99.0787269031306,Low,2025-02-07 11:31:00
H693,83,97.98656189165357,Medium,2025-02-07 11:32:00
H694,80,96.96817760138721,Medium,2025-02-07 11:33:00
H695,69,97.36717829687511,Medium,2025-02-07 11:34:00
H696,105,99.2727369660109,High,2025-02-07 11:35:00
H697,73,96.70002193029946,Low,2025-02-07 11:36:00
H698,96,99.34824842406086,Low,2025-02-07 11:37:00
H699,77,95.44067215488346,Low,2025-02-07 11:38:00
H700,83,98.88399218604316,Medium,2025-02-07 11:39:00
H701,73,99.23773816527368,Low,2025-02-07 11:40:00
H702,93,95.90908826418669,Low,2025-02-07 11:41:00
H703,71,97.151732661861,Low,2025-02-07 11:42:00
H704,81,95.82749887331828,Medium,2025-02-07 11:43:00
H705,65,98.53302064497109,Low,2025-02-07 11:44:00
H706,95,97.67673884030829,Medium,2025-02-07 11:45:00
H707,104,98.17661673354161,Low,2025-02-07 11:46:00
H708,95,95.98243483478106,Low,2025-02-07 11:47:00
H709,81,96.0587293102621,Low,2025-02-07 11:48:00
H710,73,95.20748662754953,Medium,2025-02-07 11:49:00
H711,75,96.61033767597866,Medium,2025-02-07 11:50:00
H712,95,97.79872330666838,Low,2025-02-07 11:51:00
H713,84,99.28967456998664,High,2025-02-07 11:52:00
H714,91,98.3346372372934,Medium,2025-02-07 11:53:00
H715,92,97.17698161699876,Medium,2025-02-07 11:54:00
H716,104,99.7656005719707,Low,2025-02-07 11:55:00
H717,95,98.59622600287916,High,2025-02-07 11:56:00
H718,79,99.65082601431276,Low,2025-02-07 11:57:00
H719,77,97.63793986636082,Medium,2025-02-07 11:58:00
H720,97,96.2945213739657,Medium,2025-02-07 11:59:00
H721,62,95.26413343182361,Low,2025-02-07 12:00:00
H722,82,98.63042425741925,Low,2025-02-07 12:01:00
H723,91,95.60651499002768,High,2025-02-07 12:02:00
H724,104,96.51387564135983,High,2025-02-07 12:03:00
H725,75,97.66235453941948,Medium,2025-02-07 12:04:00
H726,64,97.82208293889875,High,2025-02-07 12:05:00
H727,63,98.00291598493568,High,2025-02-07 12:06:00
H728,80,95.83127665174851,Medium,2025-02-07 12:07:00
H729,99,96.89868702410824,Medium,2025-02-07 12:08:00
H730,73,98.08597113558483,Medium,2025-02-07 12:09:00
H731,98,99.84909432316893,Medium,2025-02-07 12:10:00
H732,90,98.63815568849844,Low,2025-02-07 12:11:00
H733,73,99.61301878546979,Medium,2025-02-07 12:12:00
H734,65,98.81106029157088,Medium,2025-02-07 12:13:00
H735,71,97.958584844462,Medium,2025-02-07 12:14:00
H736,75,95.96011684568172,High,2025-02-07 12:15:00
H737,76,98.33342825946256,Medium,2025-02-07 12:16:00
H738,104,98.11689782979954,Low,2025-02-07 12:17:00
H739,82,98.01234585228633,Low,2025-02-07 12:18:00
H740,73,97.4489293399412,Medium,2025-02-07 12:19:00
H741,66,97.64328301994638,Low,2025-02-07 12:20:00
H742,105,96.67221263559053,High,2025-02-07 12:21:00
H743,91,97.59656346321151,Medium,2025-02-07 12:22:00
H744,74,95.9877795283924,Low,2025-02-07 12:23:00
H745,103,99.02587198680189,Low,2025-02-07 12:24:00
H746,76,95.92888477349354,Medium,2025-02-07 12:25:00
H747,100,95.42483144944734,Low,2025-02-07 12:26:00
H748,106,97.18123013178578,Medium,2025-02-07 12:27:00
H749,103,98.2915371975303,Low,2025-02-07 12:28:00
H750,93,97.18858412466771,High,2025-02-07 12:29:00
H751,64,96.38377065975655,Low,2025-02-07 12:30:00
H752,104,97.7908559194522,Low,2025-02-07 12:31:00
H753,86,96.735011677061,Medium,2025-02-07 12:32:00
H754,82,99.66433845063317,Low,2025-02-07 12:33:00
H755,99,99.61322569801786,Medium,2025-02-07 12:34:00
H756,73,97.51185909986047,High,2025-02-07 12:35:00
H757,74,96.6394199700913,Medium,2025-02-07 12:36:00
H758,102,98.68566206978319,Medium,2025-02-07 12:37:00
H759,92,95.18356471741534,Low,2025-02-07 12:38:00
H760,90,97.37384503021826,High,2025-02-07 12:39:00
H761,94,96.68161697135167,Medium,2025-02-07 12:40:00
H762,76,99.60267942551278,Low,2025-02-07 12:41:00
H763,87,95.06001513636342,Low,2025-02-07 12:42:00
H764,78,97.76407437859174,Medium,2025-02-07 12:43:00
H765,105,98.70331790533314,Low,2025-02-07 12:44:00
H766,82,97.4250899376202,Medium,2025-02-07 12:45:00
H767,91,95.4270151508136,Medium,2025-02-07 12:46:00
H768,99,99.86230695013951,Medium,2025-02-07 12:47:00
H769,72,97.59005215688049,High,2025-02-07 12:48:00
H770,79,98.07093122159506,Medium,2025-02-07 12:49:00
H771,94,96.18304891353753,Low,2025-02-07 12:50:00
H772,64,97.41749042553401,High,2025-02-07 12:51:00
H773,68,97.14574745979161,Low,2025-02-07 12:52:00
H774,88,95.37447921000992,High,2025-02-07 12:53:00
H775,65,95.53080176773733,High,2025-02-07 12:54:00
H776,84,99.18736259809387,High,2025-02-07 12:55:00
H777,90,96.19909976103295,High,2025-02-07 12:56:00
H778,81,95.97479135749315,Low,2025-02-07 12:57:00
H779,61,97.5245572562507,Medium,2025-02-07 12:58:00
H780,104,98.84373565681257,Low,2025-02-07 12:59:00
H781,64,95.30973259289495,Medium,2025-02-07 13:00:00
H782,86,97.88403959819128,Low,2025-02-07 13:01:00
H783,84,95.59605221420287,High,2025-02-07 13:02:00
H784,67,95.1823052541281,High,2025-02-07 13:03:00
H785,60,95.26371976081109,Medium,2025-02-07 13:04:00
H786,79,99.1708205410422,Medium,2025-02-07 13:05:00
H787,103,95.58986241814031,Low,2025-02-07 13:06:00
H788,82,95.22575682206146,Medium,2025-02-07 13:07:00
H789,91,97.18949943571457,Low,2025-02-07 13:08:00
H790,70,99.21996735971013,Medium,2025-02-07 13:09:00
H791,98,96.31204188244651,Medium,2025-02-07 13:10:00
H792,106,97.10856308762958,Medium,2025-02-07 13:11:00
H793,83,95.19961266281875,High,2025-02-07 13:12:00
H794,70,97.24539257067438,High,2025-02-07 13:13:00
H795,88,97.88806540318566,Low,2025-02-07 13:14:00
H796,85,97.85453526876073,Medium,2025-02-07 13:15:00
H797,75,96.66213346087183,Low,2025-02-07 13:16:00
H798,94,96.57766590331568,Medium,2025-02-07 13:17:00
H799,79,95.53311809468299,High,2025-02-07 13:18:00
H800,105,96.83399160323134,High,2025-02-07 13:19:00
H801,62,95.49747334436482,Medium,2025-02-07 13:20:00
H802,60,98.83297972356026,Medium,2025-02-07 13:21:00
H803,106,99.83137148874093,High,2025-02-07 13:22:00
H804,60,99.85037228333354,High,2025-02-07 13:23:00
H805,76,99.32535549687697,Low,2025-02-07 13:24:00
H806,61,98.0039607466981,High,2025-02-07 13:25:00
H807,88,98.50432848621939,Medium,2025-02-07 13:26:00
H808,79,96.42602901340207,Low,2025-02-07 13:27:00
H809,65,98.1538521008631,Medium,2025-02-07 13:28:00
H810,67,97.27824774719939,Low,2025-02-07 13:29:00
H811,88,97.41008669888467,Medium,2025-02-07 13:30:00
H812,107,98.78888280187579,High,2025-02-07 13:31:00
H813,92,96.40959177798626,Medium,2025-02-07 13:32:00
H814,62,96.5901980584726,Low,2025-02-07 13:33:00
H815,94,99.62320895564318,Medium,2025-02-07 13:34:00
H816,64,95.28112147425486,Low,2025-02-07 13:35:00
H817,86,97.4281714920667,Medium,2025-02-07 13:36:00
H818,103,99.56400400203931,High,2025-02-07 13:37:00
H819,71,98.05181503909078,High,2025-02-07 13:38:00
H820,79,97.73203537106066,Medium,2025-02-07 13:39:00
H821,104,96.24872089614678,Medium,2025-02-07 13:40:00
H822,79,96.71637744532224,Medium,2025-02-07 13:41:00
H823,68,99.26024207902347,Low,2025-02-07 13:42:00
H824,98,97.79609065884229,Medium,2025-02-07 13:43:00
H825,63,97.5737109687839,Medium,2025-02-07 13:44:00
H826,78,95.49789856770015,Low,2025-02-07 13:45:00
H827,97,95.08014078227562,High,2025-02-07 13:46:00
H828,86,99.81842594343524,Medium,2025-02-07 13:47:00
H829,104,96.88493083643421,Medium,2025-02-07 13:48:00
H830,102,98.01606531049752,High,2025-02-07 13:49:00
H831,72,95.39857536593642,High,2025-02-07 13:50:00
H832,72,98.41557142861524,Low,2025-02-07 13:51:00
H833,81,99.6628335435298,Medium,2025-02-07 13:52:00
H834,87,97.8783262649871,Medium,2025-02-07 13:53:00
H835,106,95.63057661187705,Low,2025-02-07 13:54:00
H836,104,97.90860763736738,High,2025-02-07 13:55:00
H837,81,98.83173606552326,Low,2025-02-07 13:56:00
H838,102,97.0320826828701,High,2025-02-07 13:57:00
H839,78,99.39918873970734,Low,2025-02-07 13:58:00
H840,67,98.24341476678683,High,2025-02-07 13:59:00
H841,67,99.49624459144601,Low,2025-02-07 14:00:00
H842,101,98.11752655623668,High,2025-02-07 14:01:00
H843,85,95.65643986002412,High,2025-02-07 14:02:00
H844,107,96.54845855552594,High,2025-02-07 14:03:00
H845,85,96.00897474126228,High,2025-02-07 14:04:00
H846,82,99.54413248858431,High,2025-02-07 14:05:00
H847,102,98.80200033643742,Medium,2025-02-07 14:06:00
H848,72,98.38199184455003,High,2025-02-07 14:07:00
H849,87,96.5048315981581,Medium,2025-02-07 14:08:00
H850,68,95.92022386025107,High,2025-02-07 14:09:00
H851,79,98.78225543994456,Medium,2025-02-07 14:10:00
H852,78,97.3707897293954,Medium,2025-02-07 14:11:00
H853,107,96.12894776075315,Low,2025-02-07 14:12:00
H854,98,98.08310989082638,High,2025-02-07 14:13:00
H855,71,95.20166926069226,Low,2025-02-07 14:14:00
H856,74,96.63085127064127,Low,2025-02-07 14:15:00
H857,90,97.34278497295567,High,2025-02-07 14:16:00
H858,73,95.73979167054704,Low,2025-02-07 14:17:00
H859,70,99.9232723879542,High,2025-02-07 14:18:00
H860,85,96.04548682294808,Low,2025-02-07 14:19:00
H861,101,95.65176565021633,High,2025-02-07 14:20:00
H862,86,96.01767436943449,High,2025-02-07 14:21:00
H863,70,98.84530566579862,High,2025-02-07 14:22:00
H864,97,97.12752829635922,Medium,2025-02-07 14:23:00
H865,93,97.82707969876269,Low,2025-02-07 14:24:00
H866,102,95.1050457849318,Medium,2025-02-07 14:25:00
H867,78,95.17215654286657,Low,2025-02-07 14:26:00
H868,65,97.22912774913507,Low,2025-02-07 14:27:00
H869,105,99.08327621600812,Low,2025-02-07 14:28:00
H870,97,99.42619439353783,Medium,2025-02-07 14:29:00
H871,108,95.4335328379782,Low,2025-02-07 14:30:00
H872,101,97.69181551050511,Medium,2025-02-07 14:31:00
H873,87,99.56614843139636,High,2025-02-07 14:32:00
H874,60,96.93986377198944,Low,2025-02-07 14:33:00
H875,94,99.14782915714184,Low,2025-02-07 14:34:00
H876,99,95.66847827199719,High,2025-02-07 14:35:00
H877,67,99.676972448339,High,2025-02-07 14:36:00
H878,106,98.75711658765651,Low,2025-02-07 14:37:00
H879,66,99.70667196393451,High,2025-02-07 14:38:00
H880,70,98.38308616776253,Medium,2025-02-07 14:39:00
H881,98,96.81701965999713,Medium,2025-02-07 14:40:00
H882,63,99.69090586262361,Low,2025-02-07 14:41:00
H883,84,96.3778338815459,Medium,2025-02-07 14:42:00
H884,71,96.66086261030867,Medium,2025-02-07 14:43:00
H885,85,98.5040420900087,Low,2025-02-07 14:44:00
H886,97,98.82658149762693,High,2025-02-07 14:45:00
H887,105,99.64701741924577,Low,2025-02-07 14:46:00
H888,71,96.02401204528105,Medium,2025-02-07 14:47:00
H889,102,98.98999017609611,Low,2025-02-07 14:48:00
H890,96,98.69273026698482,Low,2025-02-07 14:49:00
H891,105,95.31897278126799,Medium,2025-02-07 14:50:00
H892,83,96.93611570605104,Medium,2025-02-07 14:51:00
H893,75,96.4138272853005,Low,2025-02-07 14:52:00
H894,72,96.52245212177016,Medium,2025-02-07 14:53:00
H895,84,99.9147343977735,Medium,2025-02-07 14:54:00
H896,63,98.21388706739964,Medium,2025-02-07 14:55:00
H897,70,98.5883807889675,Medium,2025-02-07 14:56:00
H898,91,99.88308818657505,Medium,2025-02-07 14:57:00
H899,108,96.88600891228819,Medium,2025-02-07 14:58:00
H900,66,99.00920084226404,High,2025-02-07 14:59:00
H901,105,97.17265481652248,Low,2025-02-07 15:00:00
H902,70,99.3476683590749,Medium,2025-02-07 15:01:00
H903,87,95.90328770655651,Low,2025-02-07 15:02:00
H904,100,99.73843088532139,High,2025-02-07 15:03:00
H905,82,96.09385854205439,Medium,2025-02-07 15:04:00
H906,104,96.63110253490466,Low,2025-02-07 15:05:00
H907,82,98.7809611705339,Medium,2025-02-07 15:06:00
H908,109,96.96877570782704,Medium,2025-02-07 15:07:00
H909,87,98.04105688383223,Medium,2025-02-07 15:08:00
H910,102,97.22286750534714,Medium,2025-02-07 15:09:00
H911,106,98.71184968544891,Medium,2025-02-07 15:10:00
H912,85,96.14165626184305,Medium,2025-02-07 15:11:00
H913,84,95.29228993618439,Medium,2025-02-07 15:12:00
H914,88,96.49964698736534,High,2025-02-07 15:13:00
H915,78,97.37154332434216,High,2025-02-07 15:14:00
H916,92,95.8401002609634,Medium,2025-02-07 15:15:00
H917,95,96.77398644828195,Medium,2025-02-07 15:16:00
H918,73,96.99991509146784,High,2025-02-07 15:17:00
H919,73,95.28695921844137,High,2025-02-07 15:18:00
H920,94,97.91653624092102,High,2025-02-07 15:19:00
H921,89,99.42171713985644,Medium,2025-02-07 15:20:00
H922,87,95.75871456476526,Low,2025-02-07 15:21:00
H923,76,97.98904006700756,Low,2025-02-07 15:22:00
H924,62,98.32369602455424,Low,2025-02-07 15:23:00
H925,75,97.09667340209644,Low,2025-02-07 15:24:00
H926,105,98.50548793682135,Medium,2025-02-07 15:25:00
H927,89,97.05365771745505,Low,2025-02-07 15:26:00
H928,88,97.52318643988717,High,2025-02-07 15:27:00
H929,104,95.03676522277213,High,2025-02-07 15:28:00
H930,74,98.45860057067344,Low,2025-02-07 15:29:00
H931,105,98.30671339472362,High,2025-02-07 15:30:00
H932,84,95.19200438663172,Medium,2025-02-07 15:31:00
H933,97,96.84125053697566,Low,2025-02-07 15:32:00
H934,101,99.89515920395834,Low,2025-02-07 15:33:00
H935,106,97.10368281284309,Medium,2025-02-07 15:34:00
H936,97,97.5097270256592,High,2025-02-07 15:35:00
H937,82,99.5496507907986,Medium,2025-02-07 15:36:00
H938,84,98.58630937932878,Medium,2025-02-07 15:37:00
H939,101,97.91035065562112,High,2025-02-07 15:38:00
H940,66,98.98902340670536,Medium,2025-02-07 15:39:00
H941,81,99.32183133227987,High,2025-02-07 15:40:00
H942,76,97.28444035868634,High,2025-02-07 15:41:00
H943,77,97.37554182465918,Medium,2025-02-07 15:42:00
H944,108,96.93025467825917,High,2025-02-07 15:43:00
H945,100,99.8335307000923,Medium,2025-02-07 15:44:00
H946,69,98.48583127145176,High,2025-02-07 15:45:00
H947,69,95.41611533104036,Low,2025-02-07 15:46:00
H948,66,99.31479811656509,High,2025-02-07 15:47:00
H949,107,97.40279970418133,High,2025-02-07 15:48:00
H950,109,95.34376953211243,Medium,2025-02-07 15:49:00
H951,97,97.74858627581655,High,2025-02-07 15:50:00
H952,86,97.08582139487851,Low,2025-02-07 15:51:00
H953,92,99.38874702431312,Low,2025-02-07 15:52:00
H954,60,96.01997301804694,High,2025-02-07 15:53:00
H955,103,99.13232304746091,High,2025-02-07 15:54:00
H956,93,97.78844345592726,Low,2025-02-07 15:55:00
H957,63,95.27305151606734,Medium,2025-02-07 15:56:00
H958,76,99.85922650662742,Low,2025-02-07 15:57:00
H959,63,97.563076220516,Low,2025-02-07 15:58:00
H960,102,96.4543842711579,High,2025-02-07 15:59:00
H961,85,97.34703420994629,High,2025-02-07 16:00:00
H962,63,99.28928891758744,Low,2025-02-07 16:01:00
H963,60,96.52451562192532,Medium,2025-02-07 16:02:00
H964,66,95.9633819824335,Low,2025-02-07 16:03:00
H965,89,95.6453562346544,Low,2025-02-07 16:04:00
H966,109,96.48929699195105,Medium,2025-02-07 16:05:00
H967,68,98.90024043520022,Low,2025-02-07 16:06:00
H968,94,97.35813182597632,Low,2025-02-07 16:07:00
H969,67,96.1374080184677,High,2025-02-07 16:08:00
H970,83,95.83092499804874,Medium,2025-02-07 16:09:00
H971,78,96.6636473825519,High,2025-02-07 16:10:00
H972,95,99.69962186442855,High,2025-02-07 16:11:00
H973,109,96.71513356295011,Medium,2025-02-07 16:12:00
H974,102,99.94062037977318,Medium,2025-02-07 16:13:00
H975,86,97.42615227882678,Low,2025-02-07 16:14:00
H976,91,95.89581959145076,High,2025-02-07 16:15:00
H977,73,99.45570045896754,Medium,2025-02-07 16:16:00
H978,77,97.30177686567413,High,2025-02-07 16:17:00
H979,87,98.54835671752262,High,2025-02-07 16:18:00
H980,88,99.91855791604576,Medium,2025-02-07 16:19:00
H981,75,95.25087675159988,Low,2025-02-07 16:20:00
H982,94,95.48347279893784,High,2025-02-07 16:21:00
H983,106,98.60228370731377,Medium,2025-02-07 16:22:00
H984,90,96.40912501647736,Low,2025-02-07 16:23:00
H985,63,95.9215069847505,High,2025-02-07 16:24:00
H986,96,95.19680939909864,Medium,2025-02-07 16:25:00
H987,76,95.10923355993101,High,2025-02-07 16:26:00
H988,98,98.87242801559896,Medium,2025-02-07 16:27:00
H989,107,95.67216713684775,Medium,2025-02-07 16:28:00
H990,105,97.33860307985576,High,2025-02-07 16:29:00
H991,85,98.02948407589741,High,2025-02-07 16:30:00
H992,107,97.14175900284422,Medium,2025-02-07 16:31:00
H993,98,95.13553326168116,Low,2025-02-07 16:32:00
H994,100,98.91750751293955,High,2025-02-07 16:33:00
H995,63,95.05256612270827,Medium,2025-02-07 16:34:00
H996,89,98.80944947188742,Medium,2025-02-07 16:35:00
H997,89,99.46652246894061,Low,2025-02-07 16:36:00
H998,81,97.16419960528586,Low,2025-02-07 16:37:00
H999,70,97.67771236548899,Low,2025-02-07 16:38:00
H1000,61,97.38491696308827,High,2025-02-07 16:39:00
