Horse_ID,Distance_Covered (m),Race_Time (s),Average_Speed (km/h),Performance_Score
H001,1657,90,44.90693156229251,7.772445571605854
H002,1605,76,52.346583558209865,5.898989067475377
H003,1972,106,47.233068686878035,7.338791154787898
H004,1560,68,47.81440539810529,9.840362514548392
H005,1632,69,41.69435786510294,8.764930965195926
H006,1082,67,46.37376942104999,9.05581301939566
H007,1178,80,46.769624925317686,5.164127494096201
H008,997,72,52.66606304372335,7.3392973131708
H009,1814,118,58.51599997965285,8.233105668287777
H010,1823,109,43.233031937062606,9.150163418140373
H011,1355,64,36.05501171453246,5.246368267913858
H012,1155,65,47.40737813751599,9.262194428209366
H013,1840,89,48.61153330372922,7.742004683709558
H014,1438,90,39.21101377829788,5.9865698528803
H015,1178,76,54.01161515690167,6.5862760822485
H016,1479,70,59.62322771103729,6.409647758757804
H017,1305,79,58.644367925211526,7.654295171442379
H018,1698,107,39.9276509705913,5.258428399555659
H019,875,68,56.88408099751902,5.792680792499618
H020,1030,61,52.61234091029212,9.063465216878912
H021,1761,96,46.34616409517279,5.6630199537340555
H022,1101,60,48.515274858118225,6.166981347290635
H023,1525,63,56.24000437456145,7.266853028020787
H024,1014,95,47.00337349095933,7.5856044405666525
H025,1981,113,44.33018422762817,8.818052398070794
H026,868,117,47.331187325649644,7.236662133330939
H027,1192,84,49.47824510087623,8.949323105177694
H028,1908,62,39.72694134445872,8.091731535227288
H029,1066,68,57.52269325667477,5.5654986971191125
H030,1892,81,51.85467372074035,5.781657191964193
H031,1410,82,50.83172293343722,7.185168627248855
H032,1808,71,37.48740565451595,6.984446965445198
H033,1761,69,50.104348454314795,8.717721348186473
H034,1527,93,38.024016555962305,7.903685698986759
H035,1472,102,36.96744187988497,6.940665405011247
H036,1222,69,48.182772391059835,5.853801417251928
H037,1997,89,45.069638351162375,6.134185511627476
H038,914,81,49.72025675390558,7.877505092345295
H039,1019,65,37.23055420143096,7.117194024498962
H040,830,109,45.774576571181456,7.574637544303361
H041,1953,61,39.36966787612895,5.853387176511168
H042,1416,89,59.67750214810292,8.314531261722829
H043,1338,61,49.02875531087936,9.262693704279835
H044,1538,91,52.185921523521685,6.289697533934503
H045,1825,101,43.13545701706519,7.457571129159133
H046,1670,75,37.368472869483604,9.87763664510451
H047,900,71,59.39677156958842,6.666208702753638
H048,1881,60,42.15647588457958,7.975231724618806
H049,1491,112,45.59520462933936,5.450978501001222
H050,1740,67,51.24659804256437,8.030075012397216
H051,1140,107,35.61743244215278,5.448158866523089
H052,1660,109,55.25647826293218,9.79617717661911
H053,1843,72,48.41445475071551,8.578313260361558
H054,837,74,41.955429676720556,8.940798940678532
H055,1459,112,36.54019963231173,8.520521803858184
H056,1727,103,39.062460386861034,7.948645180382329
H057,1849,67,57.37584647133592,7.249563905427527
H058,1253,69,52.15060559839728,9.291866898805312
H059,1536,105,41.247543040922245,9.784178337715314
H060,1618,64,36.64001912362574,7.495180864520407
H061,1572,109,52.26538280966591,9.65767524577631
H062,812,78,49.31019314919413,7.916664549942587
H063,1714,106,45.11298811145588,7.691920934482166
H064,1720,97,44.0902862297516,7.272413664776783
H065,1624,118,40.42035689822771,6.046438807650599
H066,1170,70,51.74028141343794,5.018598304090296
H067,1131,112,59.26670069484676,6.207531134280306
H068,1060,102,39.39288114592065,7.5486158580178255
H069,1496,79,49.927915500387584,6.8997997612987625
H070,1486,79,45.604626393649404,7.242426140013169
H071,1749,80,46.16721804361662,9.903241097820247
H072,1186,77,41.35368200319536,6.751361853346638
H073,1620,116,55.62837189153548,7.26091469680054
H074,1267,109,47.13139010368103,5.667577756764098
H075,868,69,48.5851463049566,5.239788662184938
H076,1927,93,42.61902281993314,8.877047572962473
H077,1984,85,39.545211641673745,7.853415875359893
H078,999,89,37.14775970507051,8.803524030219474
H079,1015,68,52.8529785231229,5.749313994432758
H080,1011,105,39.90585704219639,7.859143855913455
H081,1307,110,52.25188385471994,6.268212371706878
H082,815,90,44.75941115117385,6.1403090845001
H083,1683,101,45.394370024741285,5.057630070264926
H084,1131,114,46.72943740231929,5.651703617845359
H085,1516,63,44.192712703188576,6.5463405574984765
H086,1350,65,37.51549943056475,5.584393802954695
H087,1741,73,42.740795250071145,9.929292202054688
H088,1055,63,51.59335901734846,6.5431632426197535
H089,1791,85,51.64461003672177,5.651619733511641
H090,1527,106,42.15560768099986,5.995411564139789
H091,1679,107,46.5025656639422,7.938516141707383
H092,1614,98,39.836180700298435,5.320217619323943
H093,1995,76,40.25930203824589,9.312170650705784
H094,1448,78,35.576177210165184,9.807498396185736
H095,1799,110,57.418663747693614,6.233737103336905
H096,1270,108,40.26766662687265,7.250476342954297
H097,1489,65,40.688346923411586,5.1106722551474855
H098,1499,88,41.9900358161283,8.203551123636107
H099,1306,70,38.185201792385726,7.069630290262944
H100,1791,75,50.98157207953407,6.350292330507779
H101,1809,89,36.87857382943967,6.034185553083042
H102,1603,84,38.355060658158756,8.270115388293803
H103,1630,99,51.11891816475232,7.081085155161572
H104,1013,70,43.49151551203607,5.89829644514956
H105,968,66,52.69869566752973,8.445545407434121
H106,1777,85,48.93561861675355,7.825361415183468
H107,945,115,41.40052932653783,9.29336027464748
H108,1315,81,51.2706987622332,5.587379494382464
H109,1913,84,37.90684200732202,8.92833300972228
H110,1252,78,48.41025957700076,8.367583934086294
H111,859,90,45.92870262612587,5.575054684140489
H112,1327,85,41.69683957043602,8.474103649358604
H113,1823,101,50.1001249434875,7.207736444399152
H114,1273,100,56.783339808507066,9.724923927779216
H115,1556,95,59.972617494076914,5.708056753089497
H116,1581,82,50.19406921858561,8.21416695407869
H117,1902,106,45.11764685822925,6.909900227314729
H118,1232,72,40.630177505405044,9.784073352954389
H119,1976,84,41.427402234877796,6.649874476451382
H120,1200,61,46.98637445374414,9.810929547459
H121,856,61,44.18194253201773,9.507429255503745
H122,1802,75,57.8453630656236,6.3519161765532814
H123,985,68,44.20738669139274,9.017708884132139
H124,1197,87,44.33611477863589,9.97802100901753
H125,1404,72,44.588362810849425,6.263315010856411
H126,1587,94,55.91550525919145,7.183885846616598
H127,957,100,51.26970802117255,7.600903682833798
H128,1388,72,50.35422125797231,6.474655679019321
H129,1265,90,43.35357555959656,5.076324198230148
H130,1245,80,55.44760442081099,6.100646220987633
H131,1600,91,35.95909653389253,6.409684421708793
H132,1896,113,56.76992930845283,7.217998506590936
H133,1728,93,47.81874749484824,5.855512392067009
H134,816,67,44.95625587158532,9.366271783458362
H135,1530,118,47.42918201794214,8.524555663656681
H136,1125,100,51.68538826334577,5.4260023877983095
H137,1794,107,35.31913566294743,8.250462255699658
H138,1412,61,56.78879641145619,8.268282382028103
H139,1345,97,46.16848813278482,9.781105868218138
H140,1395,91,43.574162992501954,5.015104356780807
H141,1720,113,38.45613914085143,6.2396622490290365
H142,1641,99,45.986634358961055,9.638957396876577
H143,1143,117,47.40806928210947,9.660669576991415
H144,1658,87,45.09116736233695,8.602932096853188
H145,1244,96,51.966502345672424,8.8288166052377
H146,1021,100,45.52241321898065,5.457414789648236
H147,1391,60,59.03543944616433,7.569379173891168
H148,1830,100,49.98193794558979,6.157914956444997
H149,1817,69,55.18694839129772,5.906090218068086
H150,815,114,37.73389757773697,9.051516495616664
H151,1323,63,44.93228232364764,5.675190683402737
H152,1602,94,43.42119253617882,7.343258184981926
H153,820,69,49.23705970341479,9.692891197930166
H154,1027,106,56.52783800153564,5.929160277826712
H155,1807,70,36.958455444050166,9.889967118691173
H156,1608,73,36.81436995111777,9.971439928805296
H157,1957,97,56.257942703939975,7.778085773412014
H158,1203,71,40.321252150958934,5.850713700885789
H159,1889,104,51.71883136124534,6.580524439704478
H160,1236,76,48.57195330902013,7.122464163382675
H161,1628,75,55.822339872180734,6.546621121791114
H162,1733,94,38.12722274591009,6.4031778993825785
H163,1058,61,38.24457414306528,9.861148546081788
H164,902,70,48.920459006957685,5.7668241370787285
H165,1792,100,58.65946633395927,8.666639543584312
H166,1568,62,45.374943959268855,5.002051447195875
H167,1924,88,43.17355250636737,7.980913347011884
H168,1612,77,50.167233079947145,9.579715019770262
H169,1025,79,58.26121501362577,6.439670470466095
H170,1742,106,55.92319582111559,5.927629876288596
H171,1262,73,59.887090268330496,8.258398974392135
H172,1036,93,35.56421458005943,8.563007036491966
H173,1849,108,37.82145361781905,8.440152594759907
H174,1944,113,50.23669408416555,6.59658440010687
H175,1305,90,55.51441098334624,6.261012010796654
H176,1613,117,42.131108557669165,9.77959399981022
H177,1566,99,40.98027720085547,9.616497541349649
H178,1433,101,54.674394984530025,7.2865830494641015
H179,1790,117,36.40954634633079,9.230969330771867
H180,1417,77,44.23456618956463,7.26161738817148
H181,1072,89,47.645230564808244,7.121945090362551
H182,1031,84,49.008716858758085,5.783814737996473
H183,1567,78,53.21537891981942,7.132030282459864
H184,1295,67,43.871143085766455,7.687084692999035
H185,1847,87,50.317108616865184,5.112521637143432
H186,1932,67,49.63438556977391,7.220565025877033
H187,1301,90,48.69040251634368,8.906781091976
H188,824,62,51.01208232855531,8.400230281871348
H189,1087,62,41.486229276701906,8.175784944319675
H190,1137,103,37.116218839615726,9.547777142186012
H191,1860,81,37.981791800993584,5.09016004912615
H192,936,76,40.61455956634752,7.785237930961171
H193,1307,95,47.50494838806963,8.936744242048535
H194,1026,76,56.0110687636505,7.706676913506336
H195,1119,73,52.53233355220961,6.619477762901896
H196,1715,110,54.726015105051175,5.6812528254598895
H197,885,68,43.77439059815229,9.437815359080957
H198,1725,89,45.11634354121375,7.353811961938015
H199,852,80,44.84204714976532,9.390575984928507
H200,1659,71,39.79682961011254,7.929260612165842
H201,1666,96,36.530416453589304,8.370960583075004
H202,1232,91,49.77290232068067,9.021305771892251
H203,1798,70,59.73041708551465,8.295777723000672
H204,899,79,39.17074262375657,6.990274203394689
H205,1789,94,36.16712049748185,7.5681669196432555
H206,1398,112,54.48829204559833,9.015227623379399
H207,1202,106,41.3146501671181,6.868251481864921
H208,1195,105,55.74109513382321,6.9406072838424855
H209,1214,70,52.598416675862886,5.478450580290006
H210,1738,111,58.64183842627011,9.572922176108738
H211,1476,67,45.2231808939168,5.4551815747272085
H212,1262,63,51.54924598626585,8.24104588724278
H213,1340,86,46.62136952033177,7.065972394013988
H214,1953,103,50.76471743271359,7.028096951277211
H215,883,99,46.23997265019344,8.39775918286342
H216,1070,97,39.71580616060187,5.335468663149394
H217,1043,106,47.69743540008452,7.968528914757173
H218,1187,89,48.21460503593606,8.860158929861774
H219,1013,103,55.265096206504026,9.141063789432971
H220,1617,107,53.38801764483953,5.8526519469688765
H221,1989,107,51.5947905985361,9.487095250390869
H222,858,86,37.83467738881431,8.280730459237212
H223,1682,80,53.015407266592874,9.409274004103414
H224,1642,111,47.50762890886287,7.426403585550991
H225,1723,79,57.35248840265398,7.71016672548601
H226,922,119,57.99677335326357,9.595191385143355
H227,1962,63,36.378914765044634,9.499547716773359
H228,1238,70,55.516039008861966,7.24080436684501
H229,1821,72,35.94243476056676,6.372063158178409
H230,1361,68,44.17924064237557,6.965852172821321
H231,917,63,48.55749939052698,6.938821642648749
H232,1704,71,38.702519965678185,6.43433437491397
H233,1194,68,53.65784531422692,6.342898021664833
H234,1675,72,35.208867604303464,9.305314682398597
H235,1734,107,39.21497621085092,5.3493096034233085
H236,1901,85,49.519920746336894,8.388055910497972
H237,1751,97,52.85968905093231,5.864100257282262
H238,874,101,57.916077567347905,6.722529466970316
H239,1094,72,52.63741629836559,5.307715170674184
H240,820,98,51.79448175637165,6.349868184277311
H241,1994,87,44.85852865876661,8.84210535558621
H242,1838,117,35.03211063817004,9.425076622736293
H243,1359,78,38.00398146839055,6.107635759511835
H244,1909,83,48.36386361890098,7.3177391962946094
H245,1972,78,51.878247146110496,7.3516202396860315
H246,1171,108,45.43620709741156,9.367876528798671
H247,1617,72,53.26697528820976,8.813995264379027
H248,1974,72,48.04655738330447,7.565386091840249
H249,1964,117,36.854404889857804,8.353736002358866
H250,1892,87,39.80040627419872,9.236775269546834
H251,1645,112,55.999955581098575,5.047694770127725
H252,1320,61,53.12281866561099,7.014450155250243
H253,1170,69,57.369049675312375,9.536215836385393
H254,900,81,37.938931228023414,8.701565154219757
H255,1460,72,59.755563365376844,7.714206871670373
H256,1767,117,40.23516784874834,7.648222635175667
H257,1042,68,35.29449690716605,6.738850488022189
H258,1552,92,59.93557347633885,7.602602668207572
H259,1311,73,42.02684713612783,8.276915997317266
H260,1648,107,51.70048631281399,7.091815192143965
H261,1354,79,39.41705785440763,8.57076573196087
H262,1918,74,49.50571330497854,9.30616113630193
H263,1025,91,57.60087466136398,5.773424240924306
H264,1013,92,43.004529185710965,7.257735114087122
H265,1517,76,51.75634940110898,7.040100456425406
H266,866,83,39.69758971996041,8.43732402024864
H267,1195,89,50.61988496796813,6.2493373262896466
H268,1411,72,43.41125879543775,8.201254574761382
H269,1835,118,40.28020646469879,9.38744620865744
H270,1569,106,42.82955126759088,7.090657998968114
H271,1206,107,39.471026712694986,9.555078499896101
H272,1724,75,57.54790269594707,9.965818694667393
H273,1446,61,44.92967215792822,5.53046024973976
H274,1021,76,41.13198262435918,6.165265939924293
H275,1979,91,46.21019602539832,9.751898757410466
H276,1453,102,43.01340417016239,9.791638432406934
H277,1227,67,53.61048134533315,5.4885363769337925
H278,1981,111,59.28049779713736,5.074992501885683
H279,1776,62,45.95084141744117,5.805500116282111
H280,1805,71,56.525834999306014,9.980063916911242
H281,1170,79,49.146576838990484,5.899998083053434
H282,1649,75,38.930891627355834,7.512738033610116
H283,1655,73,52.26556855203354,9.242088632152555
H284,1028,75,47.835862428145504,5.102008053441032
H285,1079,118,51.26516308130259,8.022444911292297
H286,1870,112,57.242185314291625,6.385127244348121
H287,1774,108,46.01086426640115,9.311674582198659
H288,1557,102,57.52944058043389,6.417305746320396
H289,1847,108,53.76672535704137,8.433778601409545
H290,1120,110,47.21512314694962,8.371098162236985
H291,1073,113,50.080553391449094,6.1074677442982
H292,1355,92,43.13952831297529,5.17399599934175
H293,1643,89,59.589932493469355,7.0462478689269865
H294,1467,118,51.683779076259896,6.445965759829349
H295,1799,71,36.09617131241575,9.044888748068544
H296,1179,74,43.16554764370022,9.001820942276726
H297,1510,77,50.582860843976434,7.285119760963127
H298,1545,87,36.40833194498099,8.032561126616095
H299,1474,82,35.59710478297857,8.021297579934625
H300,915,73,46.25060598819506,9.135790742138116
H301,1404,89,43.31725449231675,7.125012070615988
H302,1865,92,45.95746520082915,6.377233398952545
H303,1178,104,41.56733274700013,6.325174590702737
H304,1265,74,39.11794367357452,7.680961396411021
H305,1079,66,52.22858392450844,7.245741013661062
H306,1417,74,47.86427790669501,7.200603854924681
H307,917,111,40.00385528123417,5.455686695448536
H308,1108,101,42.98973565649996,8.593018703450978
H309,899,105,49.79519769158315,6.068683439909553
H310,1060,97,36.80573370681195,5.984768151043607
H311,1792,105,38.686325231654486,7.063791601386967
H312,1085,115,36.831140102684756,6.138891708089007
H313,1127,116,55.30793331785297,7.919291336540077
H314,1926,113,53.81023083030023,6.857316696672358
H315,862,103,53.83282329698143,7.24455861296395
H316,1486,70,52.9081335869007,7.685846608020144
H317,1537,88,51.73463559174673,6.017677612409024
H318,1830,90,46.92479788445438,5.778758114327649
H319,1438,84,51.05695408767787,9.402109514368025
H320,1735,111,35.95903886969936,7.168618514157105
H321,1915,113,50.53661056641961,7.060468048162695
H322,1275,83,54.44694263842193,5.178060751364208
H323,852,116,47.508959009609754,7.489881512936966
H324,1553,78,43.93783321068092,7.770848608055001
H325,1285,61,41.93566837002448,7.794204354773333
H326,1935,81,51.07005125405206,8.535155846614423
H327,1208,79,52.32002996574772,5.887409174955059
H328,1830,92,56.774189996563564,6.261115671153094
H329,1467,67,43.55835206152477,9.053652326152063
H330,1634,84,54.24430768463964,9.73585308421697
H331,1675,105,49.033895604733445,5.679663736836603
H332,1166,68,57.07091226695198,7.4882477725260905
H333,1801,93,48.19530270739052,6.070881263697935
H334,1049,116,47.940745709949184,5.300365841774912
H335,1179,82,49.44692703602273,6.627516690630677
H336,1671,64,53.732883878560855,5.718438125921064
H337,1634,114,59.117261970711525,8.549665367171231
H338,1574,84,36.83908385539414,7.668627068357222
H339,1718,67,36.33586505977543,5.719172354951555
H340,1254,75,58.43875843518346,5.046207942027571
H341,1165,113,48.246890637955154,9.040785245121064
H342,1202,107,50.3725753641734,5.880972030821238
H343,857,104,47.060590039868224,8.03108321110383
H344,1320,111,37.34143631518686,6.684609565383727
H345,1938,74,54.20223446046666,7.927429691575178
H346,1009,60,53.68061612721468,6.57826813491162
H347,1864,81,42.7925830373203,5.434697803461271
H348,1615,62,42.65598113071001,6.114750042788768
H349,972,97,55.94603452263796,5.940292832395378
H350,1033,113,36.80893144353317,7.140096762198219
H351,1592,73,57.02762870891415,8.291418917130787
H352,1592,95,41.41654224739786,6.3190303747317875
H353,1862,77,49.824618693887345,5.0603496765030895
H354,918,106,58.39985447504444,7.594686821323784
H355,1134,100,51.95306253841616,8.02879744679486
H356,1897,77,45.36074531167591,9.814352470009048
H357,1123,62,52.23835522263538,7.947354015466234
H358,1810,69,43.59949090790926,7.355862796890709
H359,1970,108,41.931460408729656,7.86700812948852
H360,1083,98,59.91708194836699,9.639503149310135
H361,1012,106,53.769755779494695,9.141890728008232
H362,1728,60,51.11799943454544,6.6148936668190395
H363,1551,86,43.88224108048297,6.186271818285686
H364,1138,116,36.22902072887621,6.313168061830368
H365,1845,86,35.77642190087889,7.522105198576066
H366,904,70,48.854531386219975,8.720247256142889
H367,1569,108,54.05081802597628,7.51609603591481
H368,1515,64,48.43447976109638,5.338981979140563
H369,1562,66,56.019626798477866,8.617903502199905
H370,1178,78,35.83566332733054,9.02985064335477
H371,1512,116,44.168801910648504,6.447489325598598
H372,1024,115,40.926759779354455,8.320628696416751
H373,1537,88,46.18182420392805,7.132959505271967
H374,1035,74,36.80940982985306,9.445596778637213
H375,982,94,58.85329103927681,9.226127790803698
H376,1511,106,40.581385026734026,7.627159991548211
H377,1243,96,58.05769438708962,8.457527729067973
H378,1422,114,45.64732887591705,9.416748505110519
H379,1829,71,59.63810333138045,7.478585050391377
H380,1950,89,48.85145958650527,6.56625370244411
H381,1927,79,58.27082160439519,8.768330689547906
H382,1548,96,35.13372471735557,6.100331273923459
H383,954,62,53.705970154522504,6.94265574003021
H384,1056,68,57.576266327562884,9.328636185533968
H385,1034,117,38.49301417447385,8.622111701346576
H386,1299,100,37.403146293303784,7.019055026237496
H387,1088,98,45.61431517964889,6.073722512041787
H388,1309,85,58.34197265332338,6.779841954161183
H389,1508,61,48.55966400476097,6.420520746137165
H390,1584,82,48.1864115930433,5.88044643971927
H391,1693,82,38.528152957483044,8.716664567828284
H392,1575,118,35.01973777733047,6.260349434250857
H393,1097,80,55.25350226863653,7.2708373508388195
H394,936,75,37.189364074655956,6.929297234180545
H395,1175,68,50.8462454683831,9.910386893178154
H396,886,72,57.86541136287978,6.955461220741102
H397,1236,87,40.216297828960776,5.399912413983774
H398,1563,86,51.631820905922766,5.44912876286042
H399,1501,110,36.96746441768774,7.953768606765324
H400,1741,111,50.093878595940325,7.9968177586913285
H401,951,76,39.09829302383007,7.093794952413274
H402,1831,97,53.39883901287945,7.159218461560148
H403,1606,95,42.53078236984771,5.269662914204356
H404,1034,60,46.58477522011616,7.582732551946311
H405,1474,77,49.98576355069054,7.523697376901758
H406,1360,110,39.28183526665599,5.747746592784723
H407,837,68,53.54094546544052,5.519196930554638
H408,1959,72,42.566008515920366,5.617862452997453
H409,1621,99,51.559296497818835,5.5051412324562925
H410,1220,114,38.95707626748434,8.0485409776838
H411,1147,104,52.202941480158756,5.982413262014593
H412,1902,74,38.20470182026154,6.257150760937318
H413,1547,102,45.63391240674959,5.867860720757198
H414,1072,103,41.18015184347192,9.789176522242515
H415,1984,105,53.70938123570457,9.273087315759177
H416,1107,63,41.55087511267186,6.152474186757605
H417,1775,92,57.042932659884904,6.63783146961063
H418,1532,83,57.29550528516532,6.049464211524986
H419,1832,95,39.91103288056965,7.459379797304119
H420,1243,110,50.34614862519311,5.098052662371268
H421,1936,100,37.19294104299911,8.356840044483977
H422,1204,69,44.78842749004073,7.615790749088208
H423,1652,95,52.83304323753181,9.493194641505516
H424,1577,79,51.48558117124791,5.821963421642071
H425,914,100,50.6175167351652,9.020546230305658
H426,1944,104,42.06352159156109,8.959805072333578
H427,864,103,44.45062373586005,5.635905946084435
H428,1624,70,37.573653617507155,6.992796120720638
H429,1038,71,52.97557051084003,5.8507632057225845
H430,1101,77,47.597219919781836,6.273602502287744
H431,1768,89,52.71914080864136,6.316230874152722
H432,1168,103,41.22358811992182,7.781181970128864
H433,1032,107,43.110955715876656,7.057054658802327
H434,994,96,43.355383431502865,9.738664020031527
H435,1706,79,35.643560243680405,5.631850709735025
H436,1835,84,43.52619682076559,9.868460674250993
H437,1720,71,55.08261433795084,6.1531932010713195
H438,1488,80,57.432462393743464,8.864369681909265
H439,976,84,47.95545789089819,6.694849630864107
H440,1016,70,46.387542380480504,5.71540697708657
H441,1834,68,35.770615467484255,9.289445926231199
H442,1429,109,56.98010843963456,6.544304496182316
H443,963,84,35.325255335646816,8.29427702113421
H444,852,94,58.618752005255296,7.832218425433133
H445,1017,111,47.230406217202265,7.358781546954372
H446,1798,91,43.54836233936817,7.479097363242696
H447,1623,108,58.1054608710665,8.661189570461438
H448,1184,73,35.60977482775242,5.438864570617203
H449,855,60,49.53562237172718,8.340903309789525
H450,917,76,48.72331311248344,9.479060506992894
H451,1699,84,40.483010030284554,5.2889409850993205
H452,1597,118,45.722185783755265,5.703266696168334
H453,1579,67,51.306600148594256,8.583159683510157
H454,1815,64,53.17827992204819,7.186408241223088
H455,1602,64,35.01792146766449,7.017743104068442
H456,1644,100,58.42133575227538,5.684833172721179
H457,1654,94,39.11313430982031,7.5338502035889405
H458,1507,78,40.83951085555898,5.632726555981886
H459,1903,82,41.58683614234621,7.383102281552702
H460,821,68,35.945503413800886,8.818076494808285
H461,1642,113,38.07630308975812,6.291321789435818
H462,1916,89,59.65874807360405,7.403930840898637
H463,991,109,42.88041843443215,9.96007984698418
H464,1818,75,37.88252725847623,8.433252116770186
H465,1926,92,37.67478152936558,9.206783856525993
H466,1195,61,52.986499191749296,7.074238032802729
H467,1830,73,56.36421660081602,8.839304615629278
H468,1439,105,41.42380748771175,5.202545864706609
H469,1818,60,35.522737808380874,5.614555912711225
H470,1366,85,40.57725046113389,6.015352964600311
H471,1030,117,36.412892269918935,7.009759623076098
H472,1673,84,37.58487341575104,9.228724391628816
H473,1373,75,45.78770299619106,6.731330253939652
H474,1039,74,40.747959271540815,8.273105967577315
H475,889,85,47.89864696313558,8.546571474017417
H476,1031,106,41.33734383142976,7.930911770441707
H477,1256,103,58.51343252757369,6.786209840850681
H478,1032,75,57.64859919815662,7.8852667085677215
H479,1153,73,49.17015262526165,6.711327963948731
H480,1804,88,43.86059979968465,5.41936869276006
H481,1238,83,44.52867205086839,9.964019890930071
H482,1144,106,45.29630707861242,5.635912268162555
H483,1463,114,53.1894830533736,5.361741919180287
H484,1456,74,46.29097488797095,9.39265374603578
H485,929,78,56.418248662647436,6.5091733044644755
H486,940,67,58.60236964825911,8.251484870367538
H487,1214,93,43.39865383447335,6.645028648311165
H488,1916,61,49.017362034392,6.957271353972356
H489,1425,86,37.37641342081411,6.310564860083982
H490,1083,69,40.011726194158975,6.715220028965051
H491,1022,94,45.336644167754,7.053502002932715
H492,1543,82,40.15506789754447,8.602080345461715
H493,1262,108,56.914012269717944,7.5576809711739585
H494,1963,67,38.95715640147745,9.717826085784885
H495,1156,87,46.3915205388273,5.209401969193878
H496,1846,82,50.14248101149689,7.515341613160141
H497,1658,63,52.29659770402111,7.921123944158591
H498,1464,73,44.57673424316267,9.60098493037137
H499,1814,112,56.72747671811821,5.245792618107138
H500,884,101,49.20797877694814,7.86749792467608
H501,1420,88,45.98769451118879,9.268149642639784
H502,1854,60,36.68101585130091,6.209638640596182
H503,1039,63,46.617236711129124,9.381461742619688
H504,1162,91,55.518396020393254,5.0952170463714594
H505,1621,92,50.36352545553289,8.66227314566865
H506,1467,108,55.80406134322796,9.665566105843265
H507,898,85,47.35029176498264,8.285988308200311
H508,846,76,37.96154262736204,7.19514621990224
H509,1638,98,35.34099614589703,5.224405082363591
H510,1221,82,42.58048866796478,9.600569066613144
H511,861,91,52.449761787444814,7.351481113457874
H512,1932,111,54.756497598542346,5.14498372167974
H513,1942,74,42.39382086550823,8.449105356643809
H514,1809,72,47.391348022081175,7.4091862678812905
H515,1397,119,45.52797261085204,5.621726587212054
H516,1191,61,45.2630696087857,6.071359046551298
H517,1776,119,40.78371783000376,5.322453402279232
H518,1875,78,38.40927762573646,7.871467698542868
H519,1402,83,39.917213955780326,8.110147396260047
H520,1136,104,36.38330967908365,7.528711491777222
H521,1609,83,39.953268545589424,9.085510665013075
H522,1551,70,35.230022440634485,9.305044106540068
H523,1959,118,50.68146001589946,8.078121983415633
H524,1680,81,42.90938518469207,5.063782398537152
H525,1434,74,59.32861778567272,8.476148278738679
H526,1053,69,39.84292626940745,7.089996084601758
H527,1937,100,43.64571425773985,7.827787416131935
H528,819,86,43.94602896603833,8.245403010094421
H529,1327,119,35.21128740156151,6.751183071635384
H530,1968,68,55.98019882598648,9.585492525858971
H531,1175,111,35.79986150360812,5.669874333748906
H532,965,87,58.50449586823103,8.357559036405187
H533,1660,60,57.30185877734051,5.021797899782902
H534,1416,76,48.38804790214909,9.623255527025904
H535,1411,90,48.5898893727823,5.562520666190458
H536,1302,103,51.344448073903905,5.474421150737873
H537,1712,69,44.676250298372175,6.665038165261221
H538,878,96,51.180557084946386,6.8678314301954035
H539,1384,88,36.11920971721217,6.071500361614393
H540,1487,77,36.35119068374316,7.925608304635624
H541,1195,106,46.43076049048861,7.214570490209818
H542,1926,97,48.74055752765087,5.170877945205437
H543,1201,98,57.19544100839548,6.598260311276503
H544,1774,108,37.61651584769741,9.052164567865852
H545,1023,65,55.566198179847234,8.448507674309344
H546,1317,99,40.25118343230174,8.624354267899403
H547,1433,71,44.85209121275079,8.490584620417618
H548,1035,112,42.91506087068532,6.554865106915166
H549,915,73,45.00388182163498,5.498319610383879
H550,1986,103,38.76238745181464,6.36233592016548
H551,1025,114,47.58925186008887,9.158926500925796
H552,1029,69,55.04106474578418,9.902353988915355
H553,981,113,46.03835025947242,7.469235073707807
H554,1009,79,47.26533939745498,5.048501774615211
H555,895,74,56.21918963203285,5.700224060671145
H556,1693,90,52.65145286595077,6.610402876581329
H557,1555,66,47.26136021299462,7.8929267429647485
H558,1909,117,41.44239120472949,5.37546822902657
H559,1214,100,57.12316867112416,9.716786493549408
H560,1193,69,49.42551004226396,6.825418366422004
H561,1495,69,40.52869025276733,9.562921089624115
H562,1643,107,41.727993815950256,8.90260901378511
H563,1403,98,55.07832722340615,8.777186362577906
H564,1381,87,36.10363905218639,8.033597898911161
H565,932,89,59.80230467572051,8.133919085259222
H566,1590,96,38.258791992869796,8.19001617608124
H567,1448,114,54.90171313492343,8.14360693512791
H568,1020,62,44.86938291929207,7.768641156991807
H569,1775,109,47.30540458218667,9.932070092414445
H570,1869,102,57.01626443661445,8.661452837128481
H571,1587,74,45.32277973973033,8.884731941962606
H572,1490,80,48.43734384183087,9.362314075418372
H573,838,111,36.23249156022925,6.078198813629246
H574,1489,96,35.05868684668633,5.419020795475304
H575,961,115,41.119996825043145,7.414472182992993
H576,1927,71,52.01457732296918,7.570403478096366
H577,960,63,38.03162233397842,9.145908899749589
H578,1877,106,37.84404897011373,7.2189178964116785
H579,1857,68,45.27401520089758,7.854265127721564
H580,1041,98,51.19592596520566,7.635354692567292
H581,1766,101,52.80179980619826,5.191013918786956
H582,1689,87,39.46126685245937,8.07607448298457
H583,912,82,36.98970368430106,9.14021642887126
H584,1813,104,58.5099258486386,5.787502740379019
H585,1117,99,41.516659564052546,7.971658669632979
H586,822,103,56.33366244021809,7.968052722232072
H587,1623,81,56.587286261570455,5.820924820281793
H588,1941,83,54.31306479406361,5.61731786865368
H589,1500,110,39.220840166314254,9.900259714882424
H590,1818,117,55.54503648135501,6.9685958482651875
H591,1936,85,54.23126398103967,6.137108643617646
H592,1867,89,49.91807475265543,5.856622722271875
H593,927,92,43.43005087922382,8.338008567916175
H594,1675,75,41.5627151066636,8.047226486636394
H595,957,81,38.04723030200898,8.217760614937088
H596,1626,108,47.74392667252179,5.440030137557262
H597,1651,116,49.63152188774616,9.467672917492184
H598,1311,109,43.98347476289468,6.9463319840452415
H599,844,102,46.88397669202171,6.56684703215179
H600,1931,77,44.08786143423167,7.311807236238696
H601,1018,66,51.02515143301753,6.950330328738142
H602,1242,109,57.53148019491408,9.31788501569573
H603,1114,85,39.098006551173626,9.646304875989461
H604,976,67,44.53522024757808,6.517266082248031
H605,1027,65,38.52171509877153,9.319679037299775
H606,1066,89,50.6235942601958,8.907615647665335
H607,1669,98,53.221762737214895,9.65403836172381
H608,1637,82,58.29781831493639,6.228751560929439
H609,1288,91,41.97179815652412,7.884795750604896
H610,1501,81,58.755280146635755,6.372722923702224
H611,1486,101,36.58156679551687,9.120472452421872
H612,1795,102,50.075346584114705,5.026620952855321
H613,1156,116,36.42831798358325,7.82409581443198
H614,1671,104,57.34435469404862,6.69601715635959
H615,1003,68,48.24522642675135,6.613418535389101
H616,1351,90,51.73370876906991,8.224531619324585
H617,1122,66,55.78934814776132,9.25742224656997
H618,1393,68,38.757765562099216,8.045976956966632
H619,980,72,35.96478904845335,9.265864893233612
H620,1298,117,56.972028647821304,6.32298555940515
H621,882,62,42.87333068647331,7.5975092738249055
H622,1102,94,38.224472698179135,7.2526826953353805
H623,1061,92,46.711530927177165,5.058224497515481
H624,1583,80,49.95765189240047,7.784060715703701
H625,1713,90,35.77426508556275,8.307621620730874
H626,1491,111,41.872391456427195,7.95957202209535
H627,1743,93,35.8199968569224,8.681399493917107
H628,1482,91,45.508384729887474,7.856697642265385
H629,1488,116,57.37750072665611,5.3337512742537845
H630,1195,94,59.566310287339235,5.5822276204235575
H631,1961,74,50.926188837590686,7.982372887719762
H632,1638,115,39.04094234461479,6.374895959868201
H633,1677,91,57.64623474998264,5.398225645173829
H634,1622,65,47.90619558000151,7.148013717242733
H635,1952,104,38.84373280257295,7.7716129904182765
H636,848,80,58.04316673629154,6.643729941748033
H637,1588,92,53.93672626807758,8.60216851112889
H638,1092,91,53.29263181807879,8.218853040506223
H639,1335,111,52.72951759486011,6.6640918054583596
H640,1110,78,40.00849552741106,8.774362644542803
H641,1336,92,40.27516729268815,8.243475212665178
H642,1438,87,52.207324960681376,8.18722689358951
H643,1033,90,40.493068752759925,7.767138503935341
H644,1404,80,45.96679242007622,5.056948340442764
H645,893,113,54.550045639848534,8.482535917384446
H646,1126,93,54.598812952446025,6.880208955545783
H647,1024,74,46.331544313146495,9.713048550793278
H648,1766,73,54.80474845688113,9.089923855386026
H649,1689,78,55.965544904951415,7.938472347656561
H650,810,102,51.369393782106506,6.260909909096347
H651,1835,74,40.710646307710505,6.018586966388333
H652,834,65,41.85029450963869,6.701924188387745
H653,1246,111,42.87102888521839,7.382839717900093
H654,1240,68,37.9201026933488,6.480327550194735
H655,1452,96,41.82899050924863,7.574647476962414
H656,1394,79,40.237980607813306,5.82685212756593
H657,1028,93,46.38321874521505,9.8885640641275
H658,1143,97,57.71093869680662,5.539622774824969
H659,1903,85,37.61200791884895,9.65972069827186
H660,1788,77,53.00669809868489,9.567890057013475
H661,1951,87,52.18207511032819,7.62680240909749
H662,1708,114,37.393854966583945,8.624551359180423
H663,1326,110,58.064310122645,7.180241489862939
H664,874,68,49.211805053920486,8.150172887712191
H665,995,91,44.093138028392104,6.702879687105593
H666,828,118,53.91346458738266,6.505795098927226
H667,1505,112,41.434136460040854,7.891148930847569
H668,1820,115,52.33774592615801,7.490648370919901
H669,815,118,35.99278018930618,7.897681845749905
H670,1604,65,55.9852009402318,6.433302906435115
H671,1739,73,46.204271175532966,6.834789159084976
H672,1766,87,50.917322858948545,5.419489803144547
H673,1900,117,40.53094549516709,5.261381861361029
H674,1028,83,51.9268428164612,6.267285648365082
H675,1761,72,54.30600689733191,5.3712342966527284
H676,1514,102,46.83032967210997,5.5188735431737035
H677,1783,71,50.44317310154486,9.064642026969686
H678,1372,110,46.408148095559966,5.194368485083446
H679,1414,78,57.352284231446134,8.294713969673714
H680,1125,80,47.44672951285798,6.362788744077003
H681,1674,86,56.04521772572048,9.357728403540632
H682,1158,117,55.033801456756215,7.424961422887497
H683,1123,78,45.26262053370891,6.527882296639129
H684,964,83,40.75211229643688,7.588194678447173
H685,1597,85,45.15205331399427,6.909790095226344
H686,1254,104,55.65543439438051,7.821505323349151
H687,1976,87,40.69081339548481,5.572664341631741
H688,1950,105,48.11090864644373,9.984952514062755
H689,992,115,55.15241869901868,7.127779388483588
H690,1426,77,43.83693687820947,6.741153198536844
H691,1329,103,51.05524092506744,8.551049241581325
H692,1833,95,41.14078935122036,6.819497032476662
H693,891,101,37.731986134204,9.166371525143788
H694,938,88,54.85960562732141,7.271353621802126
H695,1280,76,37.47421558521767,8.597792066327175
H696,1248,63,41.78453487698962,5.537266082209433
H697,1668,103,56.377735549936006,9.230595927775559
H698,1139,104,43.66173217696668,8.67858993389055
H699,1875,118,59.32613373785403,6.058583892309828
H700,1265,88,59.493358369346495,5.7264300487289335
H701,1517,63,41.706900511338915,6.581461743628122
H702,1598,69,36.02445555624726,9.880352930159521
H703,1274,84,52.626582105134474,6.284157872835293
H704,1200,90,46.27466256620859,7.280636044733166
H705,1404,62,37.518821098989406,5.150101128586682
H706,1731,106,52.68807047445107,6.986137647831162
H707,1796,61,35.779372727798034,7.856600077165513
H708,1721,116,56.75491726230605,9.765623062539825
H709,1620,84,38.46631322783259,7.583680224700322
H710,1456,108,38.18279696866813,9.09553663088844
H711,1397,65,39.39180744921461,7.735638212844503
H712,1976,85,59.006658962301664,5.2039250671775905
H713,1313,67,52.329234006346155,6.57504137594887
H714,1829,94,55.034288386590916,7.877747539155516
H715,1299,86,44.94087464331882,9.752969829655623
H716,1516,84,43.40781818762389,9.295651798756166
H717,1941,77,40.86210016957925,6.141778070894238
H718,1400,113,47.01620070781023,6.1005491500958176
H719,1465,60,48.79571833835421,6.005864835569504
H720,1267,107,50.79437109131889,9.612494481512517
H721,960,98,41.427962599967366,9.263330765508602
H722,1069,62,58.71635202257477,8.874417161264745
H723,1879,114,39.2439624551784,6.963675571121138
H724,1027,63,59.1413293691603,7.521903521493834
H725,1648,100,35.3714030626876,7.321658723975764
H726,948,96,47.02814229542114,6.266990537796863
H727,1869,110,43.33419595291407,7.525140230743835
H728,1967,74,46.22808534825627,5.152482739263772
H729,1431,67,49.26661447451973,5.659051867487296
H730,1212,97,45.889728950317725,9.432947980844732
H731,1319,109,45.37117125753987,8.758398835157116
H732,1186,78,53.318085385332665,7.114342045295436
H733,1074,115,52.14690687716161,7.585751811419386
H734,1152,106,55.831782050896194,6.849994429799887
H735,1889,85,41.24897453098739,8.703899335803362
H736,1902,98,50.23821274385159,8.920935896160398
H737,1397,69,49.62986963482135,8.816425951015795
H738,1357,97,44.24344527181722,8.613058624172247
H739,912,73,47.151438547567025,6.022521693463979
H740,1914,108,42.844553582643215,6.689849896202394
H741,940,100,38.54610994042463,7.349227174918375
H742,1529,78,40.34503026656832,6.653964957138278
H743,1388,89,37.63784116003003,8.774701000791644
H744,1210,64,52.07673937975311,6.646767621249774
H745,1176,114,51.51818482772879,5.691160433926686
H746,1975,90,58.76515928949682,6.99520226024152
H747,1550,66,53.24196034118103,9.899572163911902
H748,1426,78,36.301145968903285,6.1294070646678795
H749,1794,90,57.10612934822386,8.060793294716145
H750,1502,111,56.56687907364314,7.164865249198531
H751,1261,117,46.08300801931747,5.355122838246633
H752,811,98,49.64657626319804,7.439383029990298
H753,1979,83,59.401958311812976,8.510821643241563
H754,1276,93,48.30760909620416,7.566099879139093
H755,1738,116,57.63304570940224,9.360530318732906
H756,1200,82,37.07596894525466,6.444685083287913
H757,1607,107,39.776296717717074,5.4312458565198245
H758,976,104,46.018873586032946,9.682828058290031
H759,856,99,49.61892020843262,6.890981747641095
H760,1247,65,55.40569629657001,7.882027757268167
H761,1002,97,59.70655287857967,8.960015630650979
H762,1537,100,44.72128741185291,6.621568319377903
H763,1001,95,36.185390903502125,8.580822690888056
H764,1162,86,55.02928758238312,5.67709424908914
H765,1691,70,50.109517977070205,6.456468736027526
H766,1253,64,39.96357147170504,5.723553180682599
H767,1155,116,47.3707114155355,9.056152792006788
H768,1015,76,53.55775613834311,6.113246176133927
H769,1771,111,54.26029467671609,8.587017777026052
H770,1354,66,47.49046029996905,9.716491986228263
H771,1686,86,42.630363253221475,7.638861045344385
H772,822,106,59.34356455096234,7.700145961303439
H773,954,116,51.58406527391232,7.3051678404890605
H774,1048,74,45.20593798365746,6.629450716968214
H775,1548,105,42.01158060511631,7.3782751546245855
H776,1604,72,53.277574575089055,8.014037661333797
H777,933,70,41.05458613984419,9.929957860853296
H778,1120,119,39.2927497243422,9.688822796591122
H779,1189,104,48.24584722405176,9.310764791465608
H780,1233,85,42.249684816103546,9.445652678524292
H781,1845,81,50.72262862309037,7.339245916460214
H782,1672,87,37.948466871855835,8.287221635887324
H783,1948,83,51.37352761418304,9.47533361468107
H784,1902,88,42.08241319994256,6.964753824956765
H785,1657,68,35.00607336086282,9.808812391727344
H786,850,101,38.17340144185441,7.078930310345915
H787,975,63,58.34038444587735,8.005413326966078
H788,1669,108,56.68386597788395,8.54902356636186
H789,1052,105,40.84022580090592,9.752960065379693
H790,1765,115,54.459297613637276,6.22308137026133
H791,1538,77,50.214289829349354,8.730654891193211
H792,1929,102,59.27261778624674,7.604077930720411
H793,1101,75,44.34014148835148,6.342785703103205
H794,1347,92,52.03651531292928,8.883034198981953
H795,1515,88,36.588393060597966,7.761111400869233
H796,1578,98,44.90618367041015,8.304869103248379
H797,1067,119,59.095441529704516,6.614505342889505
H798,1993,69,48.47452186125301,7.406369759138025
H799,1809,68,42.19698758337111,8.086771254940334
H800,1350,118,38.00677407821517,7.02455407134922
H801,1964,90,52.58820850453826,5.9918626992385065
H802,1969,87,51.12140108574317,9.80820246157652
H803,1113,119,44.348467840094365,7.557337700213087
H804,983,116,58.77353379664586,8.669601851438502
H805,1512,62,35.55507032469626,7.055235967780291
H806,927,113,42.59309629079564,6.775658820128582
H807,1499,114,58.026737157489535,7.035821492335625
H808,1185,73,43.02338595798601,7.045983218928249
H809,1070,117,41.30632084637926,7.7209005797097685
H810,1610,84,48.355510248281185,7.717349349906816
H811,1214,74,55.59504374801345,7.485769079414358
H812,997,61,37.57866902195903,5.673928924587191
H813,1879,83,58.5755177411434,7.480377392502655
H814,1630,73,54.8768220295291,5.845519502103257
H815,1427,107,39.5312563887888,5.630678931478826
H816,1403,66,52.800199029954065,9.663228586705838
H817,1961,95,44.623968065938925,8.024750065738521
H818,1880,109,45.057366951907966,8.29745029062292
H819,1809,83,54.58225231097166,7.008968351666819
H820,870,86,59.069620199518305,9.54490445957432
H821,1710,96,38.166396821179845,8.189652447898327
H822,1393,97,45.51575592197048,8.845849347617937
H823,1399,89,47.02354020210759,6.842812345138569
H824,1313,86,44.407795423874944,9.800059404095627
H825,883,98,44.079728092905626,9.102306450791575
H826,1793,74,36.306716689039916,9.269742315072719
H827,1866,85,52.13846551406559,5.860971337128771
H828,1638,60,45.90536042800113,6.3548160393560975
H829,1405,115,39.86984506609817,6.428132998417885
H830,1609,63,55.40083755755171,6.354546116234356
H831,932,88,55.064018703790694,9.27704081052144
H832,1888,116,47.159790702222345,5.1594239760429605
H833,1089,60,42.46126652869401,5.380499944903871
H834,1175,102,50.95231814491131,6.369574353149519
H835,1568,109,42.20380339443508,5.9993648732472185
H836,1266,105,40.9001982580928,6.159298069414242
H837,1971,81,53.262866350658165,8.9897159462665
H838,1270,70,36.00813099302377,7.815632969460235
H839,948,69,37.36921177586485,5.02885330646484
H840,887,118,35.16970435058975,7.146613828520977
H841,1195,76,38.82357966188565,7.0394246342517945
H842,1589,95,36.72475021776149,5.569726347222717
H843,1905,115,59.89505919449796,8.380708943007285
H844,1664,106,42.22024924885224,8.510485941897455
H845,823,85,38.73170031673118,8.604466095260488
H846,1755,107,41.02490644989795,8.64235472779296
H847,1110,80,58.40313928850337,5.000264134661484
H848,1463,72,48.004005575609895,9.769604019233611
H849,1237,68,44.12045240769642,9.071043835273315
H850,1505,70,56.83478644773048,9.519908482946427
H851,1221,70,44.87475676372581,5.078216476537171
H852,1120,65,43.3752142489424,9.669293978928696
H853,1386,60,40.182063063743385,9.048942643440522
H854,1746,113,44.44492059773529,9.186095714793492
H855,1986,65,42.91710890042315,5.466436923609843
H856,1988,72,51.93259898245353,8.693890144592988
H857,1648,81,42.23956761676818,9.799583448210456
H858,841,115,49.42999366056404,8.392736707090803
H859,1738,90,36.647304125799316,7.852807023123033
H860,1186,81,39.78222891741286,9.728148388744984
H861,1961,96,45.18513179028372,7.2146856086721805
H862,1709,106,58.423731347717386,7.996467831552394
H863,1515,86,44.431299642892384,7.381691467471831
H864,1230,109,51.60185302999585,9.664231106801495
H865,1353,111,41.37718056053495,5.380423633827537
H866,1599,73,38.17583939933079,7.505598504126741
H867,1225,106,36.463415002001256,8.434762206927191
H868,825,117,42.63533746356878,8.959532692111186
H869,1184,64,38.9415256699227,7.915093237220682
H870,855,117,39.350261200403104,9.544588720607269
H871,1433,95,54.01898270967375,9.70995723441936
H872,905,91,35.39595177362185,5.3215961159679175
H873,1953,93,48.94525314338586,7.011852697706872
H874,1648,66,44.48653451483662,5.117295108605772
H875,1469,101,47.66374999771368,6.647083286872215
H876,1175,107,49.070755930365074,7.68434108985301
H877,1542,69,42.83419236143195,9.553974652549744
H878,1766,109,42.37772150460713,9.232771612327014
H879,1107,76,53.335046233372644,5.637498633359929
H880,890,89,56.78192470302893,5.465151873704478
H881,1601,80,39.814540811463196,7.946336693783335
H882,909,119,37.440469013378724,7.6605898622939135
H883,1384,72,57.44489515980065,6.3318882071501195
H884,1139,60,43.74738659118496,9.497265422769175
H885,1778,60,48.78293476657035,9.636832047307767
H886,1155,106,43.98857861300009,7.013057191700813
H887,967,92,38.14505840865128,9.451512785567601
H888,1356,97,49.7332911236932,6.919744471314863
H889,1704,84,48.12852129424074,8.684084159148501
H890,904,85,40.07483897977993,7.37971108773862
H891,949,72,46.29672611630694,5.612915782535915
H892,945,118,54.92368760039115,9.639671006185107
H893,1515,87,49.760652577697286,7.270482966887683
H894,1673,92,37.422933176674874,8.672435201612018
H895,1098,96,48.700537430728374,6.835869072156461
H896,1990,100,52.56845748223967,5.094404392881174
H897,1445,89,54.81758514451879,5.502651793459179
H898,1522,116,50.72793946585667,7.481097397449622
H899,1871,108,38.81645411351959,8.449821785631812
H900,1437,107,52.75433166475402,6.673676632896395
H901,1038,67,51.933546152037906,8.477442295888252
H902,1830,108,35.61067207351583,8.49317794715978
H903,1263,106,45.29369168975608,8.519679536639154
H904,1252,115,43.32375617405933,7.462609270102542
H905,1583,60,51.73530160634108,9.574430750607519
H906,1696,71,40.40339530777302,7.445982589903078
H907,1170,64,49.77179807435646,7.251325967483191
H908,1286,83,57.830149045354304,5.996904095053135
H909,964,65,54.945059305215196,6.538275436781682
H910,1948,84,58.03644340541326,5.211672462591517
H911,991,60,59.462649173317246,8.16767646808085
H912,1529,84,35.26675317515407,6.242678719635464
H913,1013,60,50.56853190943694,6.520776272427326
H914,1373,91,45.32098494397266,8.854072608321605
H915,1756,101,56.49636225837804,6.636105915807269
H916,1180,101,41.29536755022829,6.210979460065711
H917,1472,62,59.5257372278769,5.845288745668529
H918,1597,108,50.34269923859368,8.87429201090978
H919,1038,78,54.83843505572077,5.648531289950134
H920,1499,119,37.13998882056921,7.268768801251768
H921,1905,102,39.58644711897163,7.534650580385972
H922,1304,88,53.96009182585508,8.436949563428573
H923,1001,109,35.54966305098309,8.166417411664977
H924,1719,61,55.42194964734457,9.053603364725873
H925,836,68,35.34872546729779,5.223757169631191
H926,1443,115,51.42797097653183,6.482203623896986
H927,1564,76,44.12734800579515,6.400670593876899
H928,1505,119,50.287371317979975,5.730084527960541
H929,1999,105,52.400785174727844,6.445891269282216
H930,1344,95,43.5618804796576,6.5488265707145175
H931,1339,76,37.69906120277089,7.609422309637392
H932,1816,108,36.74114669370664,8.31852239463128
H933,1193,71,49.723400564063695,6.90550256805907
H934,1632,119,48.016383843352784,8.597351156566905
H935,1865,79,53.55502522802831,6.6808266928979
H936,1396,109,47.74338775009843,6.451418386573802
H937,1192,62,45.56114475077198,7.705940279285121
H938,1499,102,44.95217945590577,5.118581801528953
H939,1240,116,35.66117256494169,5.398945618170002
H940,1717,109,43.388930042416426,7.089847717932635
H941,1119,63,59.40050393811235,9.714563556958783
H942,1352,76,56.83888940567722,8.607558899217118
H943,1894,109,43.23445167585544,5.440632847502789
H944,1367,96,49.6948851266593,9.231590063904369
H945,1718,105,56.18241863838735,8.661503853040905
H946,1035,101,46.03185841875172,8.054732628513266
H947,1786,74,35.448946593753774,9.101464803045886
H948,1985,92,36.862761545466,7.020549238714786
H949,1832,75,47.759818033717664,6.107505254269263
H950,859,70,59.23598439189696,7.560116945543797
H951,1692,114,52.330238555471695,7.744208777967369
H952,1024,79,36.772904785964236,7.691631860049561
H953,1499,97,39.73402189479657,7.825368957400526
H954,1381,83,54.28307858042125,9.743524591195904
H955,1793,113,56.03599399890612,9.511228115481156
H956,968,75,50.44236465471477,9.378585182794698
H957,1885,89,51.110579240745416,9.007084054543135
H958,813,93,35.708436259584616,9.717140536326426
H959,963,60,55.71325648953771,5.4924732083970165
H960,1556,83,54.706880204270746,6.325616307228698
H961,1851,83,41.47587860258368,7.475279728272924
H962,1245,68,52.71691799913768,9.232672465617025
H963,1515,81,40.371365160624954,7.5258285576136625
H964,1775,71,36.00825402628782,8.740173696707943
H965,1618,76,40.02841356475943,5.694799526244581
H966,903,84,39.46572191885749,6.262069064882801
H967,1541,87,43.44369991837118,8.658880475188361
H968,1225,74,45.46123742938645,5.82367004443862
H969,1924,89,47.7134722874427,6.756779673274634
H970,1438,110,46.918846887708206,6.324331289067857
H971,1649,86,41.76686514913224,6.749308471112393
H972,1929,81,35.72926671435186,8.54162024538985
H973,1568,69,50.12754055592877,6.8392359057140055
H974,1076,117,44.893620746183856,7.776316613039701
H975,1888,90,42.46680393468874,5.499659385272048
H976,1699,86,56.673526070762804,9.02508846617314
H977,987,71,53.668582694954,6.849443128240624
H978,1961,105,56.444138709311055,8.242670795166713
H979,904,90,47.37456986781152,8.626948008309164
H980,1345,91,38.27328130316944,6.048304610558501
H981,1179,91,52.40553590303181,9.42337492476675
H982,909,100,40.151844498429384,8.081121258034765
H983,1344,118,46.03074172729292,7.1436257087574075
H984,1153,104,36.62501972372221,5.911675917891098
H985,1542,94,55.63271006057456,9.711504689506032
H986,1116,112,38.148516026187515,8.775341020658125
H987,1888,105,57.57743767623274,6.040122813666244
H988,1132,80,56.60576505653893,6.688553873621123
H989,1956,69,46.61456911098115,9.048371290440366
H990,1391,75,53.60920510759976,8.478388316076694
H991,1582,66,50.48612684545383,8.828921463578622
H992,1339,63,55.07689105844362,7.206005511064662
H993,1534,86,45.7951275196478,8.582381313210835
H994,1420,111,54.64521210610875,6.932468614319569
H995,1418,114,46.5614204266287,6.056314584690982
H996,1708,84,58.52414469606985,8.1633851742068
H997,1791,90,47.159302520628685,9.880069627993972
H998,898,70,46.56548179834324,6.5530048569766475
H999,1116,107,54.62679653908782,7.304847961062698
H1000,922,79,55.539442294020944,8.370006855349267
